título,fecha,autor,resumen,tipo
Noticia 3,2023-03-21,Federico,Esta es una breve descripciÃ³n de la noticia 3.,evento
Noticia 3,2023-03-21,Federico,Esta es una breve descripciÃ³n de la noticia 3.,evento
Noticia 3,2023-03-21,Federico,Esta es una breve descripciÃ³n de la noticia 3.,evento
Noticia 4,2023-03-21,John Doe,Esta es una breve descripciÃ³n de la noticia 3.,investig
Noticia 5,2023-03-21,John Doe,Esta es una breve descripciÃ³n de la noticia 3.,investig
Noticia 6,2023-05-21,John Doe,Esta es una breve descripciÃ³n de la noticia 3.,investig
Noticia 7,2023-04-21,John Doe,Esta es una breve descripciÃ³n de la noticia 3.,investig
Noticia 7,2023-04-21,John Doe,Esta es una breve descripciÃ³n de la noticia 3.,estudiantes
Noticia 7,2023-04-21,John Doe,Esta es una breve descripciÃ³n de la noticia 3.,estudiantes
Noticia 7,2023-04-21,John Doe,Esta es una breve descripciÃ³n de la noticia 3.,estudiantes
Noticia 31,2023-03-21,Carmelo,Esta es una breve descripciÃ³n de la noticia 3.,evento
Noticia 32,2023-03-21,Alemania,Esta es una breve descripciÃ³n de la noticia 3.,evento
Noticia 33,2023-03-21,Groenlandia,Esta es una breve descripciÃ³n de la noticia 3.,evento
Noticia 34,2023-03-21,Manacor,Esta es una breve descripciÃ³n de la noticia 3.,evento
Noticia 35,2023-03-21,Lepe,Esta es una breve descripciÃ³n de la noticia 3.,evento
Noticia 36,2023-03-21,Puerto,Esta es una breve descripciÃ³n de la noticia 3.,evento
Noticia 37,2023-03-21,Pedro,Esta es una breve descripciÃ³n de la noticia 3.,evento
Noticia 38,2023-03-21,Marisa,Esta es una breve descripciÃ³n de la noticia 3.,evento
Disney crea nueva organización de marketing corporativo,14/01/2026,The Walt Disney Company,Disney anuncia una nueva estructura de marketing y nombra a Asad Ayaz como Chief Marketing and Brand Officer para reforzar marca y conexión con consumidores.,noticia
Sostenibilidad voluntaria, la clave para ser competitivo,15/01/2026,Dulce Calvo González-Vallinas,La sostenibilidad voluntaria se consolida como ventaja competitiva para empresas europeas ante el aumento de exigencias regulatorias.,noticia
XII Feria de Empresas Simuladas de Sabiñánigo reúne 600 alumnos,15/01/2026,Cadena SER,Encuentro educativo con empresas simuladas gestionadas por alumnado para entrenar habilidades de organización, gestión y marketing.,noticia
Agenda de congresos y eventos de marketing 2026,10/01/2026,Redacción Marketing4eCommerce,Recopilación de eventos y congresos relevantes para profesionales del marketing y la estrategia comercial durante 2026.,noticia
Presentación del B2B Marketing Hot Trends 2025,10/12/2025,Asociación de Marketing de España,Guía sectorial con tendencias clave del marketing B2B: datos, personalización y eficiencia comercial en entornos competitivos.,noticia
III Jornadas de Marketing congregan profesionales del sector,28/11/2025,Asociación de Marketing de España,Jornadas profesionales para analizar innovación, tendencias y estrategias de marketing aplicadas a organizaciones.,noticia
Workshop de IA generativa y marketing impulsa innovación,25/11/2025,Asociación de Marketing de España,Sesión formativa centrada en el uso de IA generativa para mejorar campañas, segmentación y productividad en marketing.,noticia
IA, datos y personalización, ejes centrales del loyalty de marcas,19/11/2025,Asociación de Marketing de España,Informe sobre fidelización: la IA y el uso de datos reorientan estrategias de retención y experiencia de cliente.,noticia
Inversión publicitaria en España crece y afronta incertidumbre,14/10/2025,Pablo Seguí Olmedilla,Análisis de la evolución de la inversión publicitaria y los retos del sector ante cambios en consumo de medios y mercado.,noticia
El Club de Marketing del Mediterráneo incorpora 16 marcas,15/12/2025,Redacción PRNoticias,El club incrementa su base de marcas y refuerza su papel como red empresarial para iniciativas de marketing y desarrollo comercial.,noticia
