url_abs,centro,position,scraped_at
http://alojawebapps.us.es/centrosdptos/pdi/pdi.php?pdi=5004,FACULTAD DE CIENCIAS ECONÓMICAS Y EMPRESARIALES,1,2026-01-14T15:56:42+00:00
http://alojawebapps.us.es/centrosdptos/pdi/pdi.php?pdi=18249,FACULTAD DE CIENCIAS ECONÓMICAS Y EMPRESARIALES,1,2026-01-14T15:56:44+00:00
http://alojawebapps.us.es/centrosdptos/pdi/pdi.php?pdi=18249,FACULTAD DE TURISMO Y FINANZAS,2,2026-01-14T15:56:44+00:00
http://alojawebapps.us.es/centrosdptos/pdi/pdi.php?pdi=18249,FACULTAD DE DERECHO,3,2026-01-14T15:56:44+00:00
http://alojawebapps.us.es/centrosdptos/pdi/pdi.php?pdi=5725,FACULTAD DE CIENCIAS DEL TRABAJO,1,2026-01-14T15:56:45+00:00
http://alojawebapps.us.es/centrosdptos/pdi/pdi.php?pdi=4741,FACULTAD DE TURISMO Y FINANZAS,1,2026-01-14T15:56:46+00:00
http://alojawebapps.us.es/centrosdptos/pdi/pdi.php?pdi=4944,FACULTAD DE CIENCIAS ECONÓMICAS Y EMPRESARIALES,1,2026-01-14T15:56:47+00:00
http://alojawebapps.us.es/centrosdptos/pdi/pdi.php?pdi=16741,FACULTAD DE TURISMO Y FINANZAS,1,2026-01-14T15:56:49+00:00
http://alojawebapps.us.es/centrosdptos/pdi/pdi.php?pdi=16741,FACULTAD DE CIENCIAS ECONÓMICAS Y EMPRESARIALES,2,2026-01-14T15:56:49+00:00
http://alojawebapps.us.es/centrosdptos/pdi/pdi.php?pdi=12807,FACULTAD DE CIENCIAS ECONÓMICAS Y EMPRESARIALES,1,2026-01-14T15:56:50+00:00
http://alojawebapps.us.es/centrosdptos/pdi/pdi.php?pdi=12807,FACULTAD DE TURISMO Y FINANZAS,2,2026-01-14T15:56:50+00:00
http://alojawebapps.us.es/centrosdptos/pdi/pdi.php?pdi=12807,FACULTAD DE DERECHO,3,2026-01-14T15:56:50+00:00
http://alojawebapps.us.es/centrosdptos/pdi/pdi.php?pdi=12807,ESCUELA INTERNACIONAL DE POSGRADO (EIP),4,2026-01-14T15:56:50+00:00
http://alojawebapps.us.es/centrosdptos/pdi/pdi.php?pdi=3299,FACULTAD DE TURISMO Y FINANZAS,1,2026-01-14T15:56:51+00:00
http://alojawebapps.us.es/centrosdptos/pdi/pdi.php?pdi=3299,FACULTAD DE CIENCIAS ECONÓMICAS Y EMPRESARIALES,2,2026-01-14T15:56:51+00:00
http://alojawebapps.us.es/centrosdptos/pdi/pdi.php?pdi=13366,FACULTAD DE TURISMO Y FINANZAS,1,2026-01-14T15:56:53+00:00
http://alojawebapps.us.es/centrosdptos/pdi/pdi.php?pdi=13366,FACULTAD DE CIENCIAS ECONÓMICAS Y EMPRESARIALES,2,2026-01-14T15:56:53+00:00
http://alojawebapps.us.es/centrosdptos/pdi/pdi.php?pdi=5679,FACULTAD DE CIENCIAS ECONÓMICAS Y EMPRESARIALES,1,2026-01-14T15:56:54+00:00
http://alojawebapps.us.es/centrosdptos/pdi/pdi.php?pdi=5679,FACULTAD DE DERECHO,2,2026-01-14T15:56:54+00:00
http://alojawebapps.us.es/centrosdptos/pdi/pdi.php?pdi=16864,FACULTAD DE CIENCIAS ECONÓMICAS Y EMPRESARIALES,1,2026-01-14T15:56:55+00:00
http://alojawebapps.us.es/centrosdptos/pdi/pdi.php?pdi=16864,FACULTAD DE TURISMO Y FINANZAS,2,2026-01-14T15:56:55+00:00
http://alojawebapps.us.es/centrosdptos/pdi/pdi.php?pdi=6214,FACULTAD DE TURISMO Y FINANZAS,1,2026-01-14T15:56:56+00:00
http://alojawebapps.us.es/centrosdptos/pdi/pdi.php?pdi=6214,FACULTAD DE CIENCIAS DEL TRABAJO,2,2026-01-14T15:56:56+00:00
http://alojawebapps.us.es/centrosdptos/pdi/pdi.php?pdi=6214,FACULTAD DE CIENCIAS ECONÓMICAS Y EMPRESARIALES,3,2026-01-14T15:56:56+00:00
http://alojawebapps.us.es/centrosdptos/pdi/pdi.php?pdi=5631,FACULTAD DE COMUNICACIÓN,1,2026-01-14T15:56:57+00:00
http://alojawebapps.us.es/centrosdptos/pdi/pdi.php?pdi=3020,FACULTAD DE TURISMO Y FINANZAS,1,2026-01-14T15:56:58+00:00
http://alojawebapps.us.es/centrosdptos/pdi/pdi.php?pdi=3020,ESCUELA INTERNACIONAL DE POSGRADO (EIP),2,2026-01-14T15:56:58+00:00
http://alojawebapps.us.es/centrosdptos/pdi/pdi.php?pdi=5602,FACULTAD DE CIENCIAS ECONÓMICAS Y EMPRESARIALES,1,2026-01-14T15:57:00+00:00
http://alojawebapps.us.es/centrosdptos/pdi/pdi.php?pdi=5602,FACULTAD DE TURISMO Y FINANZAS,2,2026-01-14T15:57:00+00:00
http://alojawebapps.us.es/centrosdptos/pdi/pdi.php?pdi=5602,FACULTAD DE DERECHO,3,2026-01-14T15:57:00+00:00
http://alojawebapps.us.es/centrosdptos/pdi/pdi.php?pdi=5602,FACULTAD DE MEDICINA,4,2026-01-14T15:57:00+00:00
http://alojawebapps.us.es/centrosdptos/pdi/pdi.php?pdi=3051,FACULTAD DE TURISMO Y FINANZAS,1,2026-01-14T15:57:01+00:00
http://alojawebapps.us.es/centrosdptos/pdi/pdi.php?pdi=3051,FACULTAD DE CIENCIAS ECONÓMICAS Y EMPRESARIALES,2,2026-01-14T15:57:01+00:00
http://alojawebapps.us.es/centrosdptos/pdi/pdi.php?pdi=11994,FACULTAD DE CIENCIAS ECONÓMICAS Y EMPRESARIALES,1,2026-01-14T15:57:02+00:00
http://alojawebapps.us.es/centrosdptos/pdi/pdi.php?pdi=11994,FACULTAD DE DERECHO,2,2026-01-14T15:57:02+00:00
http://alojawebapps.us.es/centrosdptos/pdi/pdi.php?pdi=11994,ESCUELA TÉCNICA SUPERIOR DE INGENIERÍA DE EDIFICACIÓN,3,2026-01-14T15:57:02+00:00
http://alojawebapps.us.es/centrosdptos/pdi/pdi.php?pdi=2766,FACULTAD DE CIENCIAS ECONÓMICAS Y EMPRESARIALES,1,2026-01-14T15:57:03+00:00
http://alojawebapps.us.es/centrosdptos/pdi/pdi.php?pdi=2766,FACULTAD DE DERECHO,2,2026-01-14T15:57:03+00:00
http://alojawebapps.us.es/centrosdptos/pdi/pdi.php?pdi=2766,ESCUELA INTERNACIONAL DE POSGRADO (EIP),3,2026-01-14T15:57:03+00:00
http://alojawebapps.us.es/centrosdptos/pdi/pdi.php?pdi=6343,FACULTAD DE TURISMO Y FINANZAS,1,2026-01-14T15:57:04+00:00
http://alojawebapps.us.es/centrosdptos/pdi/pdi.php?pdi=6343,FACULTAD DE DERECHO,2,2026-01-14T15:57:04+00:00
http://alojawebapps.us.es/centrosdptos/pdi/pdi.php?pdi=6194,FACULTAD DE CIENCIAS ECONÓMICAS Y EMPRESARIALES,1,2026-01-14T15:57:05+00:00
http://alojawebapps.us.es/centrosdptos/pdi/pdi.php?pdi=6194,FACULTAD DE TURISMO Y FINANZAS,2,2026-01-14T15:57:05+00:00
http://alojawebapps.us.es/centrosdptos/pdi/pdi.php?pdi=6194,FACULTAD DE CIENCIAS DE LA EDUCACIÓN,3,2026-01-14T15:57:05+00:00
http://alojawebapps.us.es/centrosdptos/pdi/pdi.php?pdi=6194,"FACULTAD DE ENFERMERÍA, FISIOTERAPIA Y PODOLOGÍA",4,2026-01-14T15:57:05+00:00
http://alojawebapps.us.es/centrosdptos/pdi/pdi.php?pdi=12700,FACULTAD DE COMUNICACIÓN,1,2026-01-14T15:57:06+00:00
http://alojawebapps.us.es/centrosdptos/pdi/pdi.php?pdi=12700,FACULTAD DE TURISMO Y FINANZAS,2,2026-01-14T15:57:06+00:00
http://alojawebapps.us.es/centrosdptos/pdi/pdi.php?pdi=12700,FACULTAD DE CIENCIAS DEL TRABAJO,3,2026-01-14T15:57:06+00:00
http://alojawebapps.us.es/centrosdptos/pdi/pdi.php?pdi=12700,ESCUELA INTERNACIONAL DE POSGRADO (EIP),4,2026-01-14T15:57:06+00:00
http://alojawebapps.us.es/centrosdptos/pdi/pdi.php?pdi=12700,FACULTAD DE CIENCIAS ECONÓMICAS Y EMPRESARIALES,5,2026-01-14T15:57:06+00:00
http://alojawebapps.us.es/centrosdptos/pdi/pdi.php?pdi=6182,FACULTAD DE TURISMO Y FINANZAS,1,2026-01-14T15:57:08+00:00
http://alojawebapps.us.es/centrosdptos/pdi/pdi.php?pdi=3032,FACULTAD DE TURISMO Y FINANZAS,1,2026-01-14T15:57:09+00:00
http://alojawebapps.us.es/centrosdptos/pdi/pdi.php?pdi=3032,FACULTAD DE CIENCIAS ECONÓMICAS Y EMPRESARIALES,2,2026-01-14T15:57:09+00:00
http://alojawebapps.us.es/centrosdptos/pdi/pdi.php?pdi=3032,FACULTAD DE FARMACIA,3,2026-01-14T15:57:09+00:00
http://alojawebapps.us.es/centrosdptos/pdi/pdi.php?pdi=16011,FACULTAD DE CIENCIAS ECONÓMICAS Y EMPRESARIALES,1,2026-01-14T15:57:10+00:00
http://alojawebapps.us.es/centrosdptos/pdi/pdi.php?pdi=14859,FACULTAD DE TURISMO Y FINANZAS,1,2026-01-14T15:57:11+00:00
http://alojawebapps.us.es/centrosdptos/pdi/pdi.php?pdi=14859,FACULTAD DE CIENCIAS ECONÓMICAS Y EMPRESARIALES,2,2026-01-14T15:57:11+00:00
http://alojawebapps.us.es/centrosdptos/pdi/pdi.php?pdi=14859,ESCUELA INTERNACIONAL DE POSGRADO (EIP),3,2026-01-14T15:57:11+00:00
http://alojawebapps.us.es/centrosdptos/pdi/pdi.php?pdi=2784,FACULTAD DE TURISMO Y FINANZAS,1,2026-01-14T15:57:12+00:00
http://alojawebapps.us.es/centrosdptos/pdi/pdi.php?pdi=2784,FACULTAD DE DERECHO,2,2026-01-14T15:57:12+00:00
http://alojawebapps.us.es/centrosdptos/pdi/pdi.php?pdi=2784,FACULTAD DE CIENCIAS DEL TRABAJO,3,2026-01-14T15:57:12+00:00
http://alojawebapps.us.es/centrosdptos/pdi/pdi.php?pdi=3342,FACULTAD DE CIENCIAS ECONÓMICAS Y EMPRESARIALES,1,2026-01-14T15:57:13+00:00
http://alojawebapps.us.es/centrosdptos/pdi/pdi.php?pdi=3342,FACULTAD DE TURISMO Y FINANZAS,2,2026-01-14T15:57:13+00:00
http://alojawebapps.us.es/centrosdptos/pdi/pdi.php?pdi=5593,FACULTAD DE TURISMO Y FINANZAS,1,2026-01-14T15:57:14+00:00
http://alojawebapps.us.es/centrosdptos/pdi/pdi.php?pdi=15657,FACULTAD DE CIENCIAS ECONÓMICAS Y EMPRESARIALES,1,2026-01-14T15:57:16+00:00
http://alojawebapps.us.es/centrosdptos/pdi/pdi.php?pdi=15657,FACULTAD DE CIENCIAS DE LA EDUCACIÓN,2,2026-01-14T15:57:16+00:00
http://alojawebapps.us.es/centrosdptos/pdi/pdi.php?pdi=15657,FACULTAD DE TURISMO Y FINANZAS,3,2026-01-14T15:57:16+00:00
http://alojawebapps.us.es/centrosdptos/pdi/pdi.php?pdi=15657,FACULTAD DE DERECHO,4,2026-01-14T15:57:16+00:00
http://alojawebapps.us.es/centrosdptos/pdi/pdi.php?pdi=15657,"FACULTAD DE ENFERMERÍA, FISIOTERAPIA Y PODOLOGÍA",5,2026-01-14T15:57:16+00:00
http://alojawebapps.us.es/centrosdptos/pdi/pdi.php?pdi=15657,FACULTAD DE CIENCIAS DEL TRABAJO,6,2026-01-14T15:57:16+00:00
http://alojawebapps.us.es/centrosdptos/pdi/pdi.php?pdi=18120,FACULTAD DE CIENCIAS ECONÓMICAS Y EMPRESARIALES,1,2026-01-14T15:57:18+00:00
http://alojawebapps.us.es/centrosdptos/pdi/pdi.php?pdi=18120,FACULTAD DE COMUNICACIÓN,2,2026-01-14T15:57:18+00:00
http://alojawebapps.us.es/centrosdptos/pdi/pdi.php?pdi=6147,FACULTAD DE CIENCIAS ECONÓMICAS Y EMPRESARIALES,1,2026-01-14T15:57:19+00:00
http://alojawebapps.us.es/centrosdptos/pdi/pdi.php?pdi=4529,FACULTAD DE CIENCIAS ECONÓMICAS Y EMPRESARIALES,1,2026-01-14T15:57:20+00:00
http://alojawebapps.us.es/centrosdptos/pdi/pdi.php?pdi=4529,FACULTAD DE DERECHO,2,2026-01-14T15:57:20+00:00
http://alojawebapps.us.es/centrosdptos/pdi/pdi.php?pdi=4209,FACULTAD DE TURISMO Y FINANZAS,1,2026-01-14T15:57:21+00:00
http://alojawebapps.us.es/centrosdptos/pdi/pdi.php?pdi=4522,ESCUELA TÉCNICA SUPERIOR DE INGENIERÍA INFORMÁTICA,1,2026-01-14T15:57:23+00:00
http://alojawebapps.us.es/centrosdptos/pdi/pdi.php?pdi=4522,FACULTAD DE TURISMO Y FINANZAS,2,2026-01-14T15:57:23+00:00
http://alojawebapps.us.es/centrosdptos/pdi/pdi.php?pdi=4522,FACULTAD DE CIENCIAS DEL TRABAJO,3,2026-01-14T15:57:23+00:00
http://alojawebapps.us.es/centrosdptos/pdi/pdi.php?pdi=4522,FACULTAD DE CIENCIAS ECONÓMICAS Y EMPRESARIALES,4,2026-01-14T15:57:23+00:00
http://alojawebapps.us.es/centrosdptos/pdi/pdi.php?pdi=4522,FACULTAD DE DERECHO,5,2026-01-14T15:57:23+00:00
http://alojawebapps.us.es/centrosdptos/pdi/pdi.php?pdi=9162,FACULTAD DE TURISMO Y FINANZAS,1,2026-01-14T15:57:24+00:00
http://alojawebapps.us.es/centrosdptos/pdi/pdi.php?pdi=9162,FACULTAD DE CIENCIAS ECONÓMICAS Y EMPRESARIALES,2,2026-01-14T15:57:24+00:00
http://alojawebapps.us.es/centrosdptos/pdi/pdi.php?pdi=3997,FACULTAD DE CIENCIAS ECONÓMICAS Y EMPRESARIALES,1,2026-01-14T15:57:25+00:00
http://alojawebapps.us.es/centrosdptos/pdi/pdi.php?pdi=3997,FACULTAD DE CIENCIAS DEL TRABAJO,2,2026-01-14T15:57:25+00:00
http://alojawebapps.us.es/centrosdptos/pdi/pdi.php?pdi=17756,FACULTAD DE TURISMO Y FINANZAS,1,2026-01-14T15:57:26+00:00
http://alojawebapps.us.es/centrosdptos/pdi/pdi.php?pdi=17756,FACULTAD DE CIENCIAS ECONÓMICAS Y EMPRESARIALES,2,2026-01-14T15:57:26+00:00
http://alojawebapps.us.es/centrosdptos/pdi/pdi.php?pdi=14855,FACULTAD DE CIENCIAS ECONÓMICAS Y EMPRESARIALES,1,2026-01-14T15:57:27+00:00
http://alojawebapps.us.es/centrosdptos/pdi/pdi.php?pdi=14855,FACULTAD DE DERECHO,2,2026-01-14T15:57:27+00:00
http://alojawebapps.us.es/centrosdptos/pdi/pdi.php?pdi=14855,FACULTAD DE TURISMO Y FINANZAS,3,2026-01-14T15:57:27+00:00
http://alojawebapps.us.es/centrosdptos/pdi/pdi.php?pdi=12567,FACULTAD DE CIENCIAS DE LA EDUCACIÓN,1,2026-01-14T15:57:30+00:00
http://alojawebapps.us.es/centrosdptos/pdi/pdi.php?pdi=12567,"FACULTAD DE ENFERMERÍA, FISIOTERAPIA Y PODOLOGÍA",2,2026-01-14T15:57:30+00:00
http://alojawebapps.us.es/centrosdptos/pdi/pdi.php?pdi=12567,FACULTAD DE TURISMO Y FINANZAS,3,2026-01-14T15:57:30+00:00
http://alojawebapps.us.es/centrosdptos/pdi/pdi.php?pdi=12567,FACULTAD DE DERECHO,4,2026-01-14T15:57:30+00:00
http://alojawebapps.us.es/centrosdptos/pdi/pdi.php?pdi=12567,FACULTAD DE CIENCIAS ECONÓMICAS Y EMPRESARIALES,5,2026-01-14T15:57:30+00:00
http://alojawebapps.us.es/centrosdptos/pdi/pdi.php?pdi=6098,FACULTAD DE TURISMO Y FINANZAS,1,2026-01-14T15:57:31+00:00
http://alojawebapps.us.es/centrosdptos/pdi/pdi.php?pdi=6098,FACULTAD DE DERECHO,2,2026-01-14T15:57:31+00:00
http://alojawebapps.us.es/centrosdptos/pdi/pdi.php?pdi=6098,ESCUELA TÉCNICA SUPERIOR DE INGENIERÍA INFORMÁTICA,3,2026-01-14T15:57:31+00:00
http://alojawebapps.us.es/centrosdptos/pdi/pdi.php?pdi=6098,FACULTAD DE CIENCIAS DEL TRABAJO,4,2026-01-14T15:57:31+00:00
http://alojawebapps.us.es/centrosdptos/pdi/pdi.php?pdi=17657,FACULTAD DE TURISMO Y FINANZAS,1,2026-01-14T15:57:32+00:00
http://alojawebapps.us.es/centrosdptos/pdi/pdi.php?pdi=17657,FACULTAD DE DERECHO,2,2026-01-14T15:57:32+00:00
http://alojawebapps.us.es/centrosdptos/pdi/pdi.php?pdi=18246,FACULTAD DE CIENCIAS ECONÓMICAS Y EMPRESARIALES,1,2026-01-14T15:57:34+00:00
http://alojawebapps.us.es/centrosdptos/pdi/pdi.php?pdi=18246,FACULTAD DE DERECHO,2,2026-01-14T15:57:34+00:00
http://alojawebapps.us.es/centrosdptos/pdi/pdi.php?pdi=15082,FACULTAD DE CIENCIAS DEL TRABAJO,1,2026-01-14T15:57:35+00:00
http://alojawebapps.us.es/centrosdptos/pdi/pdi.php?pdi=15082,FACULTAD DE TURISMO Y FINANZAS,2,2026-01-14T15:57:35+00:00
http://alojawebapps.us.es/centrosdptos/pdi/pdi.php?pdi=3513,FACULTAD DE TURISMO Y FINANZAS,1,2026-01-14T15:57:36+00:00
http://alojawebapps.us.es/centrosdptos/pdi/pdi.php?pdi=3513,FACULTAD DE CIENCIAS ECONÓMICAS Y EMPRESARIALES,2,2026-01-14T15:57:36+00:00
http://alojawebapps.us.es/centrosdptos/pdi/pdi.php?pdi=6309,FACULTAD DE CIENCIAS ECONÓMICAS Y EMPRESARIALES,1,2026-01-14T15:57:37+00:00
http://alojawebapps.us.es/centrosdptos/pdi/pdi.php?pdi=6309,FACULTAD DE DERECHO,2,2026-01-14T15:57:37+00:00
http://alojawebapps.us.es/centrosdptos/pdi/pdi.php?pdi=6309,FACULTAD DE TURISMO Y FINANZAS,3,2026-01-14T15:57:37+00:00
http://alojawebapps.us.es/centrosdptos/pdi/pdi.php?pdi=17704,FACULTAD DE TURISMO Y FINANZAS,1,2026-01-14T15:57:39+00:00
http://alojawebapps.us.es/centrosdptos/pdi/pdi.php?pdi=17704,FACULTAD DE CIENCIAS ECONÓMICAS Y EMPRESARIALES,2,2026-01-14T15:57:39+00:00
http://alojawebapps.us.es/centrosdptos/pdi/pdi.php?pdi=17577,FACULTAD DE CIENCIAS ECONÓMICAS Y EMPRESARIALES,1,2026-01-14T15:57:40+00:00
http://alojawebapps.us.es/centrosdptos/pdi/pdi.php?pdi=17577,FACULTAD DE TURISMO Y FINANZAS,2,2026-01-14T15:57:40+00:00
http://alojawebapps.us.es/centrosdptos/pdi/pdi.php?pdi=17577,FACULTAD DE CIENCIAS DEL TRABAJO,3,2026-01-14T15:57:40+00:00
http://alojawebapps.us.es/centrosdptos/pdi/pdi.php?pdi=18260,FACULTAD DE CIENCIAS ECONÓMICAS Y EMPRESARIALES,1,2026-01-14T15:57:41+00:00
http://alojawebapps.us.es/centrosdptos/pdi/pdi.php?pdi=18260,FACULTAD DE TURISMO Y FINANZAS,2,2026-01-14T15:57:41+00:00
http://alojawebapps.us.es/centrosdptos/pdi/pdi.php?pdi=16695,FACULTAD DE CIENCIAS ECONÓMICAS Y EMPRESARIALES,1,2026-01-14T15:57:42+00:00
http://alojawebapps.us.es/centrosdptos/pdi/pdi.php?pdi=16695,FACULTAD DE TURISMO Y FINANZAS,2,2026-01-14T15:57:42+00:00
http://alojawebapps.us.es/centrosdptos/pdi/pdi.php?pdi=16695,FACULTAD DE CIENCIAS DEL TRABAJO,3,2026-01-14T15:57:42+00:00
http://alojawebapps.us.es/centrosdptos/pdi/pdi.php?pdi=5420,FACULTAD DE CIENCIAS ECONÓMICAS Y EMPRESARIALES,1,2026-01-14T15:57:43+00:00
http://alojawebapps.us.es/centrosdptos/pdi/pdi.php?pdi=5420,FACULTAD DE DERECHO,2,2026-01-14T15:57:43+00:00
http://alojawebapps.us.es/centrosdptos/pdi/pdi.php?pdi=11959,FACULTAD DE CIENCIAS ECONÓMICAS Y EMPRESARIALES,1,2026-01-14T15:57:44+00:00
http://alojawebapps.us.es/centrosdptos/pdi/pdi.php?pdi=11959,FACULTAD DE TURISMO Y FINANZAS,2,2026-01-14T15:57:44+00:00
http://alojawebapps.us.es/centrosdptos/pdi/pdi.php?pdi=11959,FACULTAD DE DERECHO,3,2026-01-14T15:57:44+00:00
http://alojawebapps.us.es/centrosdptos/pdi/pdi.php?pdi=11959,FACULTAD DE CIENCIAS DEL TRABAJO,4,2026-01-14T15:57:44+00:00
http://alojawebapps.us.es/centrosdptos/pdi/pdi.php?pdi=11959,ESCUELA INTERNACIONAL DE POSGRADO (EIP),5,2026-01-14T15:57:44+00:00
http://alojawebapps.us.es/centrosdptos/pdi/pdi.php?pdi=14856,FACULTAD DE CIENCIAS ECONÓMICAS Y EMPRESARIALES,1,2026-01-14T15:57:46+00:00
http://alojawebapps.us.es/centrosdptos/pdi/pdi.php?pdi=5755,FACULTAD DE TURISMO Y FINANZAS,1,2026-01-14T15:57:47+00:00
http://alojawebapps.us.es/centrosdptos/pdi/pdi.php?pdi=5755,FACULTAD DE CIENCIAS ECONÓMICAS Y EMPRESARIALES,2,2026-01-14T15:57:47+00:00
http://alojawebapps.us.es/centrosdptos/pdi/pdi.php?pdi=5755,ESCUELA INTERNACIONAL DE POSGRADO (EIP),3,2026-01-14T15:57:47+00:00
http://alojawebapps.us.es/centrosdptos/pdi/pdi.php?pdi=5526,FACULTAD DE CIENCIAS ECONÓMICAS Y EMPRESARIALES,1,2026-01-14T15:57:48+00:00
http://alojawebapps.us.es/centrosdptos/pdi/pdi.php?pdi=5526,FACULTAD DE TURISMO Y FINANZAS,2,2026-01-14T15:57:48+00:00
http://alojawebapps.us.es/centrosdptos/pdi/pdi.php?pdi=5526,ESCUELA INTERNACIONAL DE POSGRADO (EIP),3,2026-01-14T15:57:48+00:00
http://alojawebapps.us.es/centrosdptos/pdi/pdi.php?pdi=18293,FACULTAD DE CIENCIAS ECONÓMICAS Y EMPRESARIALES,1,2026-01-14T15:57:49+00:00
http://alojawebapps.us.es/centrosdptos/pdi/pdi.php?pdi=18293,FACULTAD DE TURISMO Y FINANZAS,2,2026-01-14T15:57:49+00:00
http://alojawebapps.us.es/centrosdptos/pdi/pdi.php?pdi=18293,FACULTAD DE COMUNICACIÓN,3,2026-01-14T15:57:49+00:00
http://alojawebapps.us.es/centrosdptos/pdi/pdi.php?pdi=18368,FACULTAD DE CIENCIAS ECONÓMICAS Y EMPRESARIALES,1,2026-01-14T15:57:50+00:00
http://alojawebapps.us.es/centrosdptos/pdi/pdi.php?pdi=18368,FACULTAD DE TURISMO Y FINANZAS,2,2026-01-14T15:57:50+00:00
http://alojawebapps.us.es/centrosdptos/pdi/pdi.php?pdi=16111,FACULTAD DE CIENCIAS ECONÓMICAS Y EMPRESARIALES,1,2026-01-14T15:57:52+00:00
http://alojawebapps.us.es/centrosdptos/pdi/pdi.php?pdi=17826,FACULTAD DE CIENCIAS ECONÓMICAS Y EMPRESARIALES,1,2026-01-14T15:57:53+00:00
http://alojawebapps.us.es/centrosdptos/pdi/pdi.php?pdi=17826,FACULTAD DE TURISMO Y FINANZAS,2,2026-01-14T15:57:53+00:00
http://alojawebapps.us.es/centrosdptos/pdi/pdi.php?pdi=11460,FACULTAD DE CIENCIAS ECONÓMICAS Y EMPRESARIALES,1,2026-01-14T15:57:54+00:00
http://alojawebapps.us.es/centrosdptos/pdi/pdi.php?pdi=11460,FACULTAD DE CIENCIAS DE LA EDUCACIÓN,2,2026-01-14T15:57:54+00:00
http://alojawebapps.us.es/centrosdptos/pdi/pdi.php?pdi=11460,FACULTAD DE TURISMO Y FINANZAS,3,2026-01-14T15:57:54+00:00
http://alojawebapps.us.es/centrosdptos/pdi/pdi.php?pdi=11460,"FACULTAD DE ENFERMERÍA, FISIOTERAPIA Y PODOLOGÍA",4,2026-01-14T15:57:54+00:00
http://alojawebapps.us.es/centrosdptos/pdi/pdi.php?pdi=11460,ESCUELA INTERNACIONAL DE POSGRADO (EIP),5,2026-01-14T15:57:54+00:00
http://alojawebapps.us.es/centrosdptos/pdi/pdi.php?pdi=4158,FACULTAD DE CIENCIAS DEL TRABAJO,1,2026-01-14T15:57:56+00:00
http://alojawebapps.us.es/centrosdptos/pdi/pdi.php?pdi=4158,FACULTAD DE TURISMO Y FINANZAS,2,2026-01-14T15:57:56+00:00
http://alojawebapps.us.es/centrosdptos/pdi/pdi.php?pdi=18248,FACULTAD DE CIENCIAS ECONÓMICAS Y EMPRESARIALES,1,2026-01-14T15:57:57+00:00
http://alojawebapps.us.es/centrosdptos/pdi/pdi.php?pdi=18248,FACULTAD DE TURISMO Y FINANZAS,2,2026-01-14T15:57:57+00:00
http://alojawebapps.us.es/centrosdptos/pdi/pdi.php?pdi=18248,FACULTAD DE COMUNICACIÓN,3,2026-01-14T15:57:57+00:00
http://alojawebapps.us.es/centrosdptos/pdi/pdi.php?pdi=18248,FACULTAD DE FARMACIA,4,2026-01-14T15:57:57+00:00
http://alojawebapps.us.es/centrosdptos/pdi/pdi.php?pdi=5083,FACULTAD DE CIENCIAS ECONÓMICAS Y EMPRESARIALES,1,2026-01-14T15:57:58+00:00
http://alojawebapps.us.es/centrosdptos/pdi/pdi.php?pdi=3341,FACULTAD DE TURISMO Y FINANZAS,1,2026-01-14T15:57:59+00:00
http://alojawebapps.us.es/centrosdptos/pdi/pdi.php?pdi=3341,ESCUELA INTERNACIONAL DE POSGRADO (EIP),2,2026-01-14T15:57:59+00:00
http://alojawebapps.us.es/centrosdptos/pdi/pdi.php?pdi=3341,FACULTAD DE CIENCIAS ECONÓMICAS Y EMPRESARIALES,3,2026-01-14T15:57:59+00:00
http://alojawebapps.us.es/centrosdptos/pdi/pdi.php?pdi=3341,FACULTAD DE DERECHO,4,2026-01-14T15:57:59+00:00
http://alojawebapps.us.es/centrosdptos/pdi/pdi.php?pdi=18400,FACULTAD DE TURISMO Y FINANZAS,1,2026-01-14T15:58:00+00:00
http://alojawebapps.us.es/centrosdptos/pdi/pdi.php?pdi=18400,FACULTAD DE CIENCIAS ECONÓMICAS Y EMPRESARIALES,2,2026-01-14T15:58:00+00:00
http://alojawebapps.us.es/centrosdptos/pdi/pdi.php?pdi=18400,FACULTAD DE DERECHO,3,2026-01-14T15:58:00+00:00
http://alojawebapps.us.es/centrosdptos/pdi/pdi.php?pdi=3884,FACULTAD DE CIENCIAS ECONÓMICAS Y EMPRESARIALES,1,2026-01-14T15:58:01+00:00
http://alojawebapps.us.es/centrosdptos/pdi/pdi.php?pdi=2570,FACULTAD DE CIENCIAS ECONÓMICAS Y EMPRESARIALES,1,2026-01-14T15:58:02+00:00
http://alojawebapps.us.es/centrosdptos/pdi/pdi.php?pdi=5094,FACULTAD DE TURISMO Y FINANZAS,1,2026-01-14T15:58:03+00:00
http://alojawebapps.us.es/centrosdptos/pdi/pdi.php?pdi=2750,FACULTAD DE CIENCIAS ECONÓMICAS Y EMPRESARIALES,1,2026-01-14T15:58:04+00:00
http://alojawebapps.us.es/centrosdptos/pdi/pdi.php?pdi=2412,FACULTAD DE CIENCIAS DEL TRABAJO,1,2026-01-14T15:58:06+00:00
http://alojawebapps.us.es/centrosdptos/pdi/pdi.php?pdi=2412,FACULTAD DE CIENCIAS ECONÓMICAS Y EMPRESARIALES,2,2026-01-14T15:58:06+00:00
http://alojawebapps.us.es/centrosdptos/pdi/pdi.php?pdi=2412,FACULTAD DE TURISMO Y FINANZAS,3,2026-01-14T15:58:06+00:00
http://alojawebapps.us.es/centrosdptos/pdi/pdi.php?pdi=2567,FACULTAD DE CIENCIAS ECONÓMICAS Y EMPRESARIALES,1,2026-01-14T15:58:07+00:00
http://alojawebapps.us.es/centrosdptos/pdi/pdi.php?pdi=17933,FACULTAD DE CIENCIAS ECONÓMICAS Y EMPRESARIALES,1,2026-01-14T15:58:08+00:00
http://alojawebapps.us.es/centrosdptos/pdi/pdi.php?pdi=2404,FACULTAD DE TURISMO Y FINANZAS,1,2026-01-14T15:58:09+00:00
http://alojawebapps.us.es/centrosdptos/pdi/pdi.php?pdi=2404,FACULTAD DE CIENCIAS ECONÓMICAS Y EMPRESARIALES,2,2026-01-14T15:58:09+00:00
http://alojawebapps.us.es/centrosdptos/pdi/pdi.php?pdi=2404,FACULTAD DE CIENCIAS DEL TRABAJO,3,2026-01-14T15:58:09+00:00
http://alojawebapps.us.es/centrosdptos/pdi/pdi.php?pdi=16886,FACULTAD DE TURISMO Y FINANZAS,1,2026-01-14T15:58:10+00:00
http://alojawebapps.us.es/centrosdptos/pdi/pdi.php?pdi=16886,FACULTAD DE CIENCIAS ECONÓMICAS Y EMPRESARIALES,2,2026-01-14T15:58:10+00:00
http://alojawebapps.us.es/centrosdptos/pdi/pdi.php?pdi=16886,FACULTAD DE CIENCIAS DEL TRABAJO,3,2026-01-14T15:58:10+00:00
http://alojawebapps.us.es/centrosdptos/pdi/pdi.php?pdi=11810,FACULTAD DE TURISMO Y FINANZAS,1,2026-01-14T15:58:11+00:00
http://alojawebapps.us.es/centrosdptos/pdi/pdi.php?pdi=11810,FACULTAD DE CIENCIAS ECONÓMICAS Y EMPRESARIALES,2,2026-01-14T15:58:11+00:00
http://alojawebapps.us.es/centrosdptos/pdi/pdi.php?pdi=4164,FACULTAD DE CIENCIAS ECONÓMICAS Y EMPRESARIALES,1,2026-01-14T15:58:13+00:00
http://alojawebapps.us.es/centrosdptos/pdi/pdi.php?pdi=4164,FACULTAD DE FARMACIA,2,2026-01-14T15:58:13+00:00
http://alojawebapps.us.es/centrosdptos/pdi/pdi.php?pdi=18350,FACULTAD DE CIENCIAS ECONÓMICAS Y EMPRESARIALES,1,2026-01-14T15:58:14+00:00
http://alojawebapps.us.es/centrosdptos/pdi/pdi.php?pdi=18350,FACULTAD DE TURISMO Y FINANZAS,2,2026-01-14T15:58:14+00:00
http://alojawebapps.us.es/centrosdptos/pdi/pdi.php?pdi=5201,FACULTAD DE TURISMO Y FINANZAS,1,2026-01-14T15:58:15+00:00
http://alojawebapps.us.es/centrosdptos/pdi/pdi.php?pdi=3811,FACULTAD DE CIENCIAS ECONÓMICAS Y EMPRESARIALES,1,2026-01-14T15:58:17+00:00
http://alojawebapps.us.es/centrosdptos/pdi/pdi.php?pdi=3811,FACULTAD DE TURISMO Y FINANZAS,2,2026-01-14T15:58:17+00:00
http://alojawebapps.us.es/centrosdptos/pdi/pdi.php?pdi=4438,FACULTAD DE DERECHO,1,2026-01-14T15:58:18+00:00
http://alojawebapps.us.es/centrosdptos/pdi/pdi.php?pdi=4438,FACULTAD DE TURISMO Y FINANZAS,2,2026-01-14T15:58:18+00:00
http://alojawebapps.us.es/centrosdptos/pdi/pdi.php?pdi=4438,FACULTAD DE CIENCIAS ECONÓMICAS Y EMPRESARIALES,3,2026-01-14T15:58:18+00:00
http://alojawebapps.us.es/centrosdptos/pdi/pdi.php?pdi=17745,FACULTAD DE CIENCIAS ECONÓMICAS Y EMPRESARIALES,1,2026-01-14T15:58:19+00:00
http://alojawebapps.us.es/centrosdptos/pdi/pdi.php?pdi=3653,FACULTAD DE CIENCIAS ECONÓMICAS Y EMPRESARIALES,1,2026-01-14T15:58:20+00:00
http://alojawebapps.us.es/centrosdptos/pdi/pdi.php?pdi=3653,FACULTAD DE CIENCIAS DEL TRABAJO,2,2026-01-14T15:58:20+00:00
http://alojawebapps.us.es/centrosdptos/pdi/pdi.php?pdi=3653,ESCUELA INTERNACIONAL DE POSGRADO (EIP),3,2026-01-14T15:58:20+00:00
http://alojawebapps.us.es/centrosdptos/pdi/pdi.php?pdi=3654,FACULTAD DE CIENCIAS ECONÓMICAS Y EMPRESARIALES,1,2026-01-14T15:58:21+00:00
http://alojawebapps.us.es/centrosdptos/pdi/pdi.php?pdi=3654,FACULTAD DE TURISMO Y FINANZAS,2,2026-01-14T15:58:21+00:00
http://alojawebapps.us.es/centrosdptos/pdi/pdi.php?pdi=3654,FACULTAD DE FARMACIA,3,2026-01-14T15:58:21+00:00
http://alojawebapps.us.es/centrosdptos/pdi/pdi.php?pdi=11478,FACULTAD DE TURISMO Y FINANZAS,1,2026-01-14T15:58:22+00:00
http://alojawebapps.us.es/centrosdptos/pdi/pdi.php?pdi=11478,FACULTAD DE CIENCIAS ECONÓMICAS Y EMPRESARIALES,2,2026-01-14T15:58:22+00:00
http://alojawebapps.us.es/centrosdptos/pdi/pdi.php?pdi=18448,FACULTAD DE CIENCIAS ECONÓMICAS Y EMPRESARIALES,1,2026-01-14T15:58:23+00:00
http://alojawebapps.us.es/centrosdptos/pdi/pdi.php?pdi=4951,FACULTAD DE TURISMO Y FINANZAS,1,2026-01-14T15:58:25+00:00
http://alojawebapps.us.es/centrosdptos/pdi/pdi.php?pdi=4951,FACULTAD DE CIENCIAS ECONÓMICAS Y EMPRESARIALES,2,2026-01-14T15:58:25+00:00
http://alojawebapps.us.es/centrosdptos/pdi/pdi.php?pdi=4951,FACULTAD DE COMUNICACIÓN,3,2026-01-14T15:58:25+00:00
http://alojawebapps.us.es/centrosdptos/pdi/pdi.php?pdi=2865,FACULTAD DE CIENCIAS DEL TRABAJO,1,2026-01-14T15:58:26+00:00
http://alojawebapps.us.es/centrosdptos/pdi/pdi.php?pdi=2865,FACULTAD DE TURISMO Y FINANZAS,2,2026-01-14T15:58:26+00:00
http://alojawebapps.us.es/centrosdptos/pdi/pdi.php?pdi=2375,FACULTAD DE CIENCIAS ECONÓMICAS Y EMPRESARIALES,1,2026-01-14T15:58:27+00:00
http://alojawebapps.us.es/centrosdptos/pdi/pdi.php?pdi=2375,FACULTAD DE DERECHO,2,2026-01-14T15:58:27+00:00
http://alojawebapps.us.es/centrosdptos/pdi/pdi.php?pdi=2375,FACULTAD DE COMUNICACIÓN,3,2026-01-14T15:58:27+00:00
http://alojawebapps.us.es/centrosdptos/pdi/pdi.php?pdi=9654,FACULTAD DE TURISMO Y FINANZAS,1,2026-01-14T15:58:28+00:00
http://alojawebapps.us.es/centrosdptos/pdi/pdi.php?pdi=9654,FACULTAD DE CIENCIAS ECONÓMICAS Y EMPRESARIALES,2,2026-01-14T15:58:28+00:00
http://alojawebapps.us.es/centrosdptos/pdi/pdi.php?pdi=2606,FACULTAD DE CIENCIAS ECONÓMICAS Y EMPRESARIALES,1,2026-01-14T15:58:29+00:00
http://alojawebapps.us.es/centrosdptos/pdi/pdi.php?pdi=6277,FACULTAD DE TURISMO Y FINANZAS,1,2026-01-14T15:58:30+00:00
http://alojawebapps.us.es/centrosdptos/pdi/pdi.php?pdi=6277,FACULTAD DE CIENCIAS ECONÓMICAS Y EMPRESARIALES,2,2026-01-14T15:58:30+00:00
http://alojawebapps.us.es/centrosdptos/pdi/pdi.php?pdi=3922,FACULTAD DE CIENCIAS ECONÓMICAS Y EMPRESARIALES,1,2026-01-14T15:58:31+00:00
http://alojawebapps.us.es/centrosdptos/pdi/pdi.php?pdi=3922,FACULTAD DE TURISMO Y FINANZAS,2,2026-01-14T15:58:31+00:00
http://alojawebapps.us.es/centrosdptos/pdi/pdi.php?pdi=2889,FACULTAD DE CIENCIAS DEL TRABAJO,1,2026-01-14T15:58:32+00:00
http://alojawebapps.us.es/centrosdptos/pdi/pdi.php?pdi=2371,FACULTAD DE CIENCIAS DEL TRABAJO,1,2026-01-14T15:58:33+00:00
http://alojawebapps.us.es/centrosdptos/pdi/pdi.php?pdi=2371,FACULTAD DE TURISMO Y FINANZAS,2,2026-01-14T15:58:33+00:00
http://alojawebapps.us.es/centrosdptos/pdi/pdi.php?pdi=5007,FACULTAD DE CIENCIAS ECONÓMICAS Y EMPRESARIALES,1,2026-01-14T15:58:34+00:00
http://alojawebapps.us.es/centrosdptos/pdi/pdi.php?pdi=2880,FACULTAD DE CIENCIAS ECONÓMICAS Y EMPRESARIALES,1,2026-01-14T15:58:36+00:00
http://alojawebapps.us.es/centrosdptos/pdi/pdi.php?pdi=2880,FACULTAD DE DERECHO,2,2026-01-14T15:58:36+00:00
http://alojawebapps.us.es/centrosdptos/pdi/pdi.php?pdi=17810,FACULTAD DE CIENCIAS ECONÓMICAS Y EMPRESARIALES,1,2026-01-14T15:58:37+00:00
http://alojawebapps.us.es/centrosdptos/pdi/pdi.php?pdi=4463,FACULTAD DE TURISMO Y FINANZAS,1,2026-01-14T15:58:38+00:00
http://alojawebapps.us.es/centrosdptos/pdi/pdi.php?pdi=4935,FACULTAD DE CIENCIAS ECONÓMICAS Y EMPRESARIALES,1,2026-01-14T15:58:39+00:00
http://alojawebapps.us.es/centrosdptos/pdi/pdi.php?pdi=4935,FACULTAD DE TURISMO Y FINANZAS,2,2026-01-14T15:58:39+00:00
http://alojawebapps.us.es/centrosdptos/pdi/pdi.php?pdi=4935,FACULTAD DE CIENCIAS DEL TRABAJO,3,2026-01-14T15:58:39+00:00
http://alojawebapps.us.es/centrosdptos/pdi/pdi.php?pdi=4935,FACULTAD DE DERECHO,4,2026-01-14T15:58:39+00:00
http://alojawebapps.us.es/centrosdptos/pdi/pdi.php?pdi=3611,FACULTAD DE CIENCIAS ECONÓMICAS Y EMPRESARIALES,1,2026-01-14T15:58:41+00:00
http://alojawebapps.us.es/centrosdptos/pdi/pdi.php?pdi=3611,FACULTAD DE DERECHO,2,2026-01-14T15:58:41+00:00
http://alojawebapps.us.es/centrosdptos/pdi/pdi.php?pdi=3611,FACULTAD DE COMUNICACIÓN,3,2026-01-14T15:58:41+00:00
http://alojawebapps.us.es/centrosdptos/pdi/pdi.php?pdi=5832,FACULTAD DE CIENCIAS ECONÓMICAS Y EMPRESARIALES,1,2026-01-14T15:58:42+00:00
http://alojawebapps.us.es/centrosdptos/pdi/pdi.php?pdi=6315,FACULTAD DE TURISMO Y FINANZAS,1,2026-01-14T15:58:43+00:00
http://alojawebapps.us.es/centrosdptos/pdi/pdi.php?pdi=5854,FACULTAD DE TURISMO Y FINANZAS,1,2026-01-14T15:58:44+00:00
http://alojawebapps.us.es/centrosdptos/pdi/pdi.php?pdi=5854,FACULTAD DE CIENCIAS DEL TRABAJO,2,2026-01-14T15:58:44+00:00
http://alojawebapps.us.es/centrosdptos/pdi/pdi.php?pdi=18398,FACULTAD DE CIENCIAS ECONÓMICAS Y EMPRESARIALES,1,2026-01-14T15:58:46+00:00
http://alojawebapps.us.es/centrosdptos/pdi/pdi.php?pdi=18398,FACULTAD DE TURISMO Y FINANZAS,2,2026-01-14T15:58:46+00:00
http://alojawebapps.us.es/centrosdptos/pdi/pdi.php?pdi=18398,FACULTAD DE CIENCIAS DEL TRABAJO,3,2026-01-14T15:58:46+00:00
http://alojawebapps.us.es/centrosdptos/pdi/pdi.php?pdi=15838,FACULTAD DE TURISMO Y FINANZAS,1,2026-01-14T15:58:47+00:00
http://alojawebapps.us.es/centrosdptos/pdi/pdi.php?pdi=15838,FACULTAD DE CIENCIAS ECONÓMICAS Y EMPRESARIALES,2,2026-01-14T15:58:47+00:00
http://alojawebapps.us.es/centrosdptos/pdi/pdi.php?pdi=15838,FACULTAD DE CIENCIAS DEL TRABAJO,3,2026-01-14T15:58:47+00:00
http://alojawebapps.us.es/centrosdptos/pdi/pdi.php?pdi=5354,FACULTAD DE CIENCIAS DEL TRABAJO,1,2026-01-14T15:58:48+00:00
http://alojawebapps.us.es/centrosdptos/pdi/pdi.php?pdi=5354,FACULTAD DE TURISMO Y FINANZAS,2,2026-01-14T15:58:48+00:00
http://alojawebapps.us.es/centrosdptos/pdi/pdi.php?pdi=5354,ESCUELA INTERNACIONAL DE POSGRADO (EIP),3,2026-01-14T15:58:48+00:00
http://alojawebapps.us.es/centrosdptos/pdi/pdi.php?pdi=17566,FACULTAD DE TURISMO Y FINANZAS,1,2026-01-14T15:58:49+00:00
http://alojawebapps.us.es/centrosdptos/pdi/pdi.php?pdi=17566,FACULTAD DE CIENCIAS DEL TRABAJO,2,2026-01-14T15:58:49+00:00
http://alojawebapps.us.es/centrosdptos/pdi/pdi.php?pdi=3445,FACULTAD DE CIENCIAS DEL TRABAJO,1,2026-01-14T15:58:50+00:00
http://alojawebapps.us.es/centrosdptos/pdi/pdi.php?pdi=17856,FACULTAD DE FILOSOFÍA,1,2026-01-14T15:58:51+00:00
http://alojawebapps.us.es/centrosdptos/pdi/pdi.php?pdi=17856,FACULTAD DE CIENCIAS ECONÓMICAS Y EMPRESARIALES,2,2026-01-14T15:58:51+00:00
http://alojawebapps.us.es/centrosdptos/pdi/pdi.php?pdi=2397,FACULTAD DE TURISMO Y FINANZAS,1,2026-01-14T15:58:52+00:00
http://alojawebapps.us.es/centrosdptos/pdi/pdi.php?pdi=2397,FACULTAD DE DERECHO,2,2026-01-14T15:58:52+00:00
http://alojawebapps.us.es/centrosdptos/pdi/pdi.php?pdi=5338,FACULTAD DE CIENCIAS ECONÓMICAS Y EMPRESARIALES,1,2026-01-14T15:58:53+00:00
http://alojawebapps.us.es/centrosdptos/pdi/pdi.php?pdi=5338,ESCUELA TÉCNICA SUPERIOR DE INGENIERÍA DE EDIFICACIÓN,2,2026-01-14T15:58:53+00:00
http://alojawebapps.us.es/centrosdptos/pdi/pdi.php?pdi=5338,ESCUELA INTERNACIONAL DE POSGRADO (EIP),3,2026-01-14T15:58:53+00:00
http://alojawebapps.us.es/centrosdptos/pdi/pdi.php?pdi=5811,FACULTAD DE CIENCIAS ECONÓMICAS Y EMPRESARIALES,1,2026-01-14T15:58:55+00:00
http://alojawebapps.us.es/centrosdptos/pdi/pdi.php?pdi=5811,FACULTAD DE DERECHO,2,2026-01-14T15:58:55+00:00
http://alojawebapps.us.es/centrosdptos/pdi/pdi.php?pdi=5811,FACULTAD DE TURISMO Y FINANZAS,3,2026-01-14T15:58:55+00:00
http://alojawebapps.us.es/centrosdptos/pdi/pdi.php?pdi=4389,FACULTAD DE CIENCIAS ECONÓMICAS Y EMPRESARIALES,1,2026-01-14T15:58:56+00:00
http://alojawebapps.us.es/centrosdptos/pdi/pdi.php?pdi=4389,ESCUELA INTERNACIONAL DE POSGRADO (EIP),2,2026-01-14T15:58:56+00:00
http://alojawebapps.us.es/centrosdptos/pdi/pdi.php?pdi=4389,FACULTAD DE DERECHO,3,2026-01-14T15:58:56+00:00
http://alojawebapps.us.es/centrosdptos/pdi/pdi.php?pdi=13651,FACULTAD DE CIENCIAS ECONÓMICAS Y EMPRESARIALES,1,2026-01-14T15:58:57+00:00
http://alojawebapps.us.es/centrosdptos/pdi/pdi.php?pdi=13651,FACULTAD DE TURISMO Y FINANZAS,2,2026-01-14T15:58:57+00:00
http://alojawebapps.us.es/centrosdptos/pdi/pdi.php?pdi=14153,FACULTAD DE CIENCIAS ECONÓMICAS Y EMPRESARIALES,1,2026-01-14T15:58:58+00:00
http://alojawebapps.us.es/centrosdptos/pdi/pdi.php?pdi=14153,FACULTAD DE TURISMO Y FINANZAS,2,2026-01-14T15:58:58+00:00
http://alojawebapps.us.es/centrosdptos/pdi/pdi.php?pdi=3601,FACULTAD DE CIENCIAS ECONÓMICAS Y EMPRESARIALES,1,2026-01-14T15:58:59+00:00
http://alojawebapps.us.es/centrosdptos/pdi/pdi.php?pdi=4473,FACULTAD DE CIENCIAS ECONÓMICAS Y EMPRESARIALES,1,2026-01-14T15:59:01+00:00
http://alojawebapps.us.es/centrosdptos/pdi/pdi.php?pdi=4473,FACULTAD DE TURISMO Y FINANZAS,2,2026-01-14T15:59:01+00:00
http://alojawebapps.us.es/centrosdptos/pdi/pdi.php?pdi=4473,FACULTAD DE DERECHO,3,2026-01-14T15:59:01+00:00
