url_abs,asignatura,position,scraped_at
http://alojawebapps.us.es/centrosdptos/pdi/pdi.php?pdi=5004,Dirección Estratégica,1,2026-01-14T15:56:42+00:00
http://alojawebapps.us.es/centrosdptos/pdi/pdi.php?pdi=5004,Estrategia y Organización de Empresas Internacionales,2,2026-01-14T15:56:42+00:00
http://alojawebapps.us.es/centrosdptos/pdi/pdi.php?pdi=5004,Proceso de Internacionalizacion y Marketing Internacional,3,2026-01-14T15:56:42+00:00
http://alojawebapps.us.es/centrosdptos/pdi/pdi.php?pdi=18249,Introducción al Marketing,1,2026-01-14T15:56:44+00:00
http://alojawebapps.us.es/centrosdptos/pdi/pdi.php?pdi=18249,Investigación Comercial,2,2026-01-14T15:56:44+00:00
http://alojawebapps.us.es/centrosdptos/pdi/pdi.php?pdi=18249,Investigación Comercial,3,2026-01-14T15:56:44+00:00
http://alojawebapps.us.es/centrosdptos/pdi/pdi.php?pdi=18249,Introducción al Marketing,4,2026-01-14T15:56:44+00:00
http://alojawebapps.us.es/centrosdptos/pdi/pdi.php?pdi=5725,Administración de Empresas,1,2026-01-14T15:56:45+00:00
http://alojawebapps.us.es/centrosdptos/pdi/pdi.php?pdi=5725,Administración de Recursos Humanos por Competencias y Ocupaciones,2,2026-01-14T15:56:45+00:00
http://alojawebapps.us.es/centrosdptos/pdi/pdi.php?pdi=4741,Fundamentos de Economía de la Empresa,1,2026-01-14T15:56:46+00:00
http://alojawebapps.us.es/centrosdptos/pdi/pdi.php?pdi=4944,Gestión de Marcas y Nuevos Productos,1,2026-01-14T15:56:47+00:00
http://alojawebapps.us.es/centrosdptos/pdi/pdi.php?pdi=4944,Introducción al Marketing,2,2026-01-14T15:56:47+00:00
http://alojawebapps.us.es/centrosdptos/pdi/pdi.php?pdi=4944,Habilidades para la Investigación Aplicada en Marketing,3,2026-01-14T15:56:47+00:00
http://alojawebapps.us.es/centrosdptos/pdi/pdi.php?pdi=16741,Marketing Turístico,1,2026-01-14T15:56:49+00:00
http://alojawebapps.us.es/centrosdptos/pdi/pdi.php?pdi=16741,Comunicación Comercial,2,2026-01-14T15:56:49+00:00
http://alojawebapps.us.es/centrosdptos/pdi/pdi.php?pdi=16741,Marketing Turístico,3,2026-01-14T15:56:49+00:00
http://alojawebapps.us.es/centrosdptos/pdi/pdi.php?pdi=16741,Marketing Turístico,4,2026-01-14T15:56:49+00:00
http://alojawebapps.us.es/centrosdptos/pdi/pdi.php?pdi=16741,Tendencias de Consumo,5,2026-01-14T15:56:49+00:00
http://alojawebapps.us.es/centrosdptos/pdi/pdi.php?pdi=12807,Creación de Empresas,1,2026-01-14T15:56:50+00:00
http://alojawebapps.us.es/centrosdptos/pdi/pdi.php?pdi=12807,Fundamentos de Economía de la Empresa,2,2026-01-14T15:56:50+00:00
http://alojawebapps.us.es/centrosdptos/pdi/pdi.php?pdi=12807,Creación de Empresas,3,2026-01-14T15:56:50+00:00
http://alojawebapps.us.es/centrosdptos/pdi/pdi.php?pdi=12807,Innovación y Emprendimiento,4,2026-01-14T15:56:50+00:00
http://alojawebapps.us.es/centrosdptos/pdi/pdi.php?pdi=3299,Marketing Turístico,1,2026-01-14T15:56:51+00:00
http://alojawebapps.us.es/centrosdptos/pdi/pdi.php?pdi=3299,Publicidad y Promoción Comercial del Turismo,2,2026-01-14T15:56:51+00:00
http://alojawebapps.us.es/centrosdptos/pdi/pdi.php?pdi=3299,Gestión de Franquicias,3,2026-01-14T15:56:51+00:00
http://alojawebapps.us.es/centrosdptos/pdi/pdi.php?pdi=3299,Marketing Turístico,4,2026-01-14T15:56:51+00:00
http://alojawebapps.us.es/centrosdptos/pdi/pdi.php?pdi=3299,Publicidad y Promoción Comercial del Turismo,5,2026-01-14T15:56:51+00:00
http://alojawebapps.us.es/centrosdptos/pdi/pdi.php?pdi=3299,Marketing Turístico,6,2026-01-14T15:56:51+00:00
http://alojawebapps.us.es/centrosdptos/pdi/pdi.php?pdi=3299,Promoción y Comercialización de Destinos Turísticos,7,2026-01-14T15:56:51+00:00
http://alojawebapps.us.es/centrosdptos/pdi/pdi.php?pdi=3299,Estrategias y Técnicas de Segmentación y Posicionamiento,8,2026-01-14T15:56:51+00:00
http://alojawebapps.us.es/centrosdptos/pdi/pdi.php?pdi=13366,Administración de Empresas,1,2026-01-14T15:56:53+00:00
http://alojawebapps.us.es/centrosdptos/pdi/pdi.php?pdi=13366,Dirección Estratégica de Organizaciones Turísticas,2,2026-01-14T15:56:53+00:00
http://alojawebapps.us.es/centrosdptos/pdi/pdi.php?pdi=13366,Dirección y Organización de Empresas Turísticas,3,2026-01-14T15:56:53+00:00
http://alojawebapps.us.es/centrosdptos/pdi/pdi.php?pdi=13366,Administración de Empresas,4,2026-01-14T15:56:53+00:00
http://alojawebapps.us.es/centrosdptos/pdi/pdi.php?pdi=13366,Dirección Estratégica de Organizaciones Turísticas,5,2026-01-14T15:56:53+00:00
http://alojawebapps.us.es/centrosdptos/pdi/pdi.php?pdi=13366,Dirección y Organización de Empresas Turísticas,6,2026-01-14T15:56:53+00:00
http://alojawebapps.us.es/centrosdptos/pdi/pdi.php?pdi=13366,Administración de Empresas,7,2026-01-14T15:56:53+00:00
http://alojawebapps.us.es/centrosdptos/pdi/pdi.php?pdi=13366,Dirección y Organización de Empresas Turísticas,8,2026-01-14T15:56:53+00:00
http://alojawebapps.us.es/centrosdptos/pdi/pdi.php?pdi=5679,Introducción a la Economía de la Empresa (Organización),1,2026-01-14T15:56:54+00:00
http://alojawebapps.us.es/centrosdptos/pdi/pdi.php?pdi=5679,Introducción a la Economía de la Empresa (Organización),2,2026-01-14T15:56:54+00:00
http://alojawebapps.us.es/centrosdptos/pdi/pdi.php?pdi=5679,Gestión del Valor para el Cliente (Customer Equity Management),3,2026-01-14T15:56:54+00:00
http://alojawebapps.us.es/centrosdptos/pdi/pdi.php?pdi=5679,Metodología de Investigación,4,2026-01-14T15:56:54+00:00
http://alojawebapps.us.es/centrosdptos/pdi/pdi.php?pdi=16864,Introducción al Marketing,1,2026-01-14T15:56:55+00:00
http://alojawebapps.us.es/centrosdptos/pdi/pdi.php?pdi=16864,Comunicación Comercial,2,2026-01-14T15:56:55+00:00
http://alojawebapps.us.es/centrosdptos/pdi/pdi.php?pdi=16864,Investigación de Mercados I,3,2026-01-14T15:56:55+00:00
http://alojawebapps.us.es/centrosdptos/pdi/pdi.php?pdi=16864,Investigación de Mercados III,4,2026-01-14T15:56:55+00:00
http://alojawebapps.us.es/centrosdptos/pdi/pdi.php?pdi=16864,Introducción al Marketing,5,2026-01-14T15:56:55+00:00
http://alojawebapps.us.es/centrosdptos/pdi/pdi.php?pdi=6214,PYMES y Gestión de la Calidad,1,2026-01-14T15:56:56+00:00
http://alojawebapps.us.es/centrosdptos/pdi/pdi.php?pdi=6214,Administración de Empresas,2,2026-01-14T15:56:56+00:00
http://alojawebapps.us.es/centrosdptos/pdi/pdi.php?pdi=6214,Calidad Turistica: Accesibilidad y Sostenibilidad,3,2026-01-14T15:56:56+00:00
http://alojawebapps.us.es/centrosdptos/pdi/pdi.php?pdi=6214,Transferencia de Conocimiento en Negocio Internacionales,4,2026-01-14T15:56:56+00:00
http://alojawebapps.us.es/centrosdptos/pdi/pdi.php?pdi=6214,Habilidades para la Investigación Aplicada en Marketing,5,2026-01-14T15:56:56+00:00
http://alojawebapps.us.es/centrosdptos/pdi/pdi.php?pdi=5631,Organización y Gestión de Empresas Periodísticas,1,2026-01-14T15:56:57+00:00
http://alojawebapps.us.es/centrosdptos/pdi/pdi.php?pdi=5631,Administración de Empresas Publicitarias,2,2026-01-14T15:56:57+00:00
http://alojawebapps.us.es/centrosdptos/pdi/pdi.php?pdi=5631,Organización y Gestión de Empresas Periodísticas,3,2026-01-14T15:56:57+00:00
http://alojawebapps.us.es/centrosdptos/pdi/pdi.php?pdi=5631,Emprendimiento y Gestión Comercial del Guión,4,2026-01-14T15:56:57+00:00
http://alojawebapps.us.es/centrosdptos/pdi/pdi.php?pdi=3020,Dirección Estratégica de Organizaciones Turísticas,1,2026-01-14T15:56:58+00:00
http://alojawebapps.us.es/centrosdptos/pdi/pdi.php?pdi=3020,Dirección y Organización de Empresas Turísticas,2,2026-01-14T15:56:58+00:00
http://alojawebapps.us.es/centrosdptos/pdi/pdi.php?pdi=3020,Empresas y Organizaciones Turísticas,3,2026-01-14T15:56:58+00:00
http://alojawebapps.us.es/centrosdptos/pdi/pdi.php?pdi=3020,Dirección Estratégica de Organizaciones Turísticas,4,2026-01-14T15:56:58+00:00
http://alojawebapps.us.es/centrosdptos/pdi/pdi.php?pdi=3020,Dirección y Organización de Empresas Turísticas,5,2026-01-14T15:56:58+00:00
http://alojawebapps.us.es/centrosdptos/pdi/pdi.php?pdi=3020,Empresas y Organizaciones Turísticas,6,2026-01-14T15:56:58+00:00
http://alojawebapps.us.es/centrosdptos/pdi/pdi.php?pdi=3020,Dirección y Organización de Empresas Turísticas,7,2026-01-14T15:56:58+00:00
http://alojawebapps.us.es/centrosdptos/pdi/pdi.php?pdi=3020,Empresas y Organizaciones Turísticas,8,2026-01-14T15:56:58+00:00
http://alojawebapps.us.es/centrosdptos/pdi/pdi.php?pdi=3020,"Aprendizaje y Enseñanza de las Materias de Economía, Empresa y Comercio",9,2026-01-14T15:56:58+00:00
http://alojawebapps.us.es/centrosdptos/pdi/pdi.php?pdi=3020,Aprendizaje y Enseñanza de las Materias de Hostelería y Turismo,10,2026-01-14T15:56:58+00:00
http://alojawebapps.us.es/centrosdptos/pdi/pdi.php?pdi=3020,Dirección Estratégica de Organizaciones Turísticas,11,2026-01-14T15:56:58+00:00
http://alojawebapps.us.es/centrosdptos/pdi/pdi.php?pdi=3020,Innovación e Inteligencia Natural,12,2026-01-14T15:56:58+00:00
http://alojawebapps.us.es/centrosdptos/pdi/pdi.php?pdi=3020,Dirección Estratégica de Negocios,13,2026-01-14T15:56:58+00:00
http://alojawebapps.us.es/centrosdptos/pdi/pdi.php?pdi=5602,Introducción a la Economía de la Empresa (Organización),1,2026-01-14T15:57:00+00:00
http://alojawebapps.us.es/centrosdptos/pdi/pdi.php?pdi=5602,Introducción a la Economía de la Empresa (Organización),2,2026-01-14T15:57:00+00:00
http://alojawebapps.us.es/centrosdptos/pdi/pdi.php?pdi=5602,Bioética y Transferencia del Conocimiento,3,2026-01-14T15:57:00+00:00
http://alojawebapps.us.es/centrosdptos/pdi/pdi.php?pdi=5602,Introducción a la Economía de la Empresa (Organización),4,2026-01-14T15:57:00+00:00
http://alojawebapps.us.es/centrosdptos/pdi/pdi.php?pdi=5602,Introducción a la Economía de la Empresa (Organización),5,2026-01-14T15:57:00+00:00
http://alojawebapps.us.es/centrosdptos/pdi/pdi.php?pdi=5602,Internacionalización de la Empresa Familiar,6,2026-01-14T15:57:00+00:00
http://alojawebapps.us.es/centrosdptos/pdi/pdi.php?pdi=5602,Proceso de Internacionalizacion y Marketing Internacional,7,2026-01-14T15:57:00+00:00
http://alojawebapps.us.es/centrosdptos/pdi/pdi.php?pdi=3051,Marketing,1,2026-01-14T15:57:01+00:00
http://alojawebapps.us.es/centrosdptos/pdi/pdi.php?pdi=3051,Marketing Industrial,2,2026-01-14T15:57:01+00:00
http://alojawebapps.us.es/centrosdptos/pdi/pdi.php?pdi=3051,Dirección Comercial de Organizaciones Turísticas,3,2026-01-14T15:57:01+00:00
http://alojawebapps.us.es/centrosdptos/pdi/pdi.php?pdi=3051,Marketing Digital en Turismo,4,2026-01-14T15:57:01+00:00
http://alojawebapps.us.es/centrosdptos/pdi/pdi.php?pdi=11994,Dirección Estratégica,1,2026-01-14T15:57:02+00:00
http://alojawebapps.us.es/centrosdptos/pdi/pdi.php?pdi=11994,Estrategia e Innovación,2,2026-01-14T15:57:02+00:00
http://alojawebapps.us.es/centrosdptos/pdi/pdi.php?pdi=11994,Plan de Empresa,3,2026-01-14T15:57:02+00:00
http://alojawebapps.us.es/centrosdptos/pdi/pdi.php?pdi=11994,Dirección Estratégica,4,2026-01-14T15:57:02+00:00
http://alojawebapps.us.es/centrosdptos/pdi/pdi.php?pdi=11994,Dirección y Administración de Empresas de Edificación,5,2026-01-14T15:57:02+00:00
http://alojawebapps.us.es/centrosdptos/pdi/pdi.php?pdi=2766,Creación de Empresas,1,2026-01-14T15:57:03+00:00
http://alojawebapps.us.es/centrosdptos/pdi/pdi.php?pdi=2766,Redes Internacionales,2,2026-01-14T15:57:03+00:00
http://alojawebapps.us.es/centrosdptos/pdi/pdi.php?pdi=2766,Innovación y Emprendimiento,3,2026-01-14T15:57:03+00:00
http://alojawebapps.us.es/centrosdptos/pdi/pdi.php?pdi=2766,Creación de Empresas e Innovación,4,2026-01-14T15:57:03+00:00
http://alojawebapps.us.es/centrosdptos/pdi/pdi.php?pdi=6343,Fundamentos de Economía de la Empresa,1,2026-01-14T15:57:04+00:00
http://alojawebapps.us.es/centrosdptos/pdi/pdi.php?pdi=6343,Fundamentos de Economía de la Empresa,2,2026-01-14T15:57:04+00:00
http://alojawebapps.us.es/centrosdptos/pdi/pdi.php?pdi=6343,Habilidades Directivas,3,2026-01-14T15:57:04+00:00
http://alojawebapps.us.es/centrosdptos/pdi/pdi.php?pdi=6194,Administración de Empresas,1,2026-01-14T15:57:05+00:00
http://alojawebapps.us.es/centrosdptos/pdi/pdi.php?pdi=6194,Habilidades Directivas,2,2026-01-14T15:57:05+00:00
http://alojawebapps.us.es/centrosdptos/pdi/pdi.php?pdi=6194,Administración de Empresas,3,2026-01-14T15:57:05+00:00
http://alojawebapps.us.es/centrosdptos/pdi/pdi.php?pdi=6194,Administración y Gestión de Empresas Deportivas,4,2026-01-14T15:57:05+00:00
http://alojawebapps.us.es/centrosdptos/pdi/pdi.php?pdi=6194,Administración y Gestión de Empresas Deportivas,5,2026-01-14T15:57:05+00:00
http://alojawebapps.us.es/centrosdptos/pdi/pdi.php?pdi=6194,Administración de Empresas,6,2026-01-14T15:57:05+00:00
http://alojawebapps.us.es/centrosdptos/pdi/pdi.php?pdi=6194,El Cambio en las Instituciones en una Economía Global,7,2026-01-14T15:57:05+00:00
http://alojawebapps.us.es/centrosdptos/pdi/pdi.php?pdi=6194,Técnicas de Análisis Confirmatorio-Predictivo de Datos,8,2026-01-14T15:57:05+00:00
http://alojawebapps.us.es/centrosdptos/pdi/pdi.php?pdi=12700,Marketing,1,2026-01-14T15:57:06+00:00
http://alojawebapps.us.es/centrosdptos/pdi/pdi.php?pdi=12700,Planificación y Gestión de Medios Publicitarios,2,2026-01-14T15:57:06+00:00
http://alojawebapps.us.es/centrosdptos/pdi/pdi.php?pdi=12700,Marketing,3,2026-01-14T15:57:06+00:00
http://alojawebapps.us.es/centrosdptos/pdi/pdi.php?pdi=12700,Tendencias de Consumo,4,2026-01-14T15:57:06+00:00
http://alojawebapps.us.es/centrosdptos/pdi/pdi.php?pdi=12700,Marketing Data Analysis and Trend Prediction,5,2026-01-14T15:57:06+00:00
http://alojawebapps.us.es/centrosdptos/pdi/pdi.php?pdi=6182,Creación de Empresas Turísticas,1,2026-01-14T15:57:08+00:00
http://alojawebapps.us.es/centrosdptos/pdi/pdi.php?pdi=6182,Habilidades Personales y Directivas,2,2026-01-14T15:57:08+00:00
http://alojawebapps.us.es/centrosdptos/pdi/pdi.php?pdi=6182,Habilidades Personales y Directivas,3,2026-01-14T15:57:08+00:00
http://alojawebapps.us.es/centrosdptos/pdi/pdi.php?pdi=3032,Gestión de la Calidad,1,2026-01-14T15:57:09+00:00
http://alojawebapps.us.es/centrosdptos/pdi/pdi.php?pdi=3032,Creación de Empresas Turísticas,2,2026-01-14T15:57:09+00:00
http://alojawebapps.us.es/centrosdptos/pdi/pdi.php?pdi=3032,Habilidades Personales y Directivas,3,2026-01-14T15:57:09+00:00
http://alojawebapps.us.es/centrosdptos/pdi/pdi.php?pdi=3032,Habilidades Personales y Directivas,4,2026-01-14T15:57:09+00:00
http://alojawebapps.us.es/centrosdptos/pdi/pdi.php?pdi=3032,Calidad Turistica: Accesibilidad y Sostenibilidad,5,2026-01-14T15:57:09+00:00
http://alojawebapps.us.es/centrosdptos/pdi/pdi.php?pdi=3032,Normalización y Gestión Turística Inteligente,6,2026-01-14T15:57:09+00:00
http://alojawebapps.us.es/centrosdptos/pdi/pdi.php?pdi=3032,"Gestión Integrada de la Calidad, el Medio Ambiente y la Prevención de Riesgos Laborales",7,2026-01-14T15:57:09+00:00
http://alojawebapps.us.es/centrosdptos/pdi/pdi.php?pdi=16011,Introducción al Marketing,1,2026-01-14T15:57:10+00:00
http://alojawebapps.us.es/centrosdptos/pdi/pdi.php?pdi=16011,Comportamiento del Consumidor,2,2026-01-14T15:57:10+00:00
http://alojawebapps.us.es/centrosdptos/pdi/pdi.php?pdi=16011,Gestión de Marcas y Nuevos Productos,3,2026-01-14T15:57:10+00:00
http://alojawebapps.us.es/centrosdptos/pdi/pdi.php?pdi=14859,Dirección y Organización de Empresas Turísticas,1,2026-01-14T15:57:11+00:00
http://alojawebapps.us.es/centrosdptos/pdi/pdi.php?pdi=14859,Empresas y Organizaciones Turísticas,2,2026-01-14T15:57:11+00:00
http://alojawebapps.us.es/centrosdptos/pdi/pdi.php?pdi=14859,Dirección y Organización de Empresas Turísticas,3,2026-01-14T15:57:11+00:00
http://alojawebapps.us.es/centrosdptos/pdi/pdi.php?pdi=14859,Empresas y Organizaciones Turísticas,4,2026-01-14T15:57:11+00:00
http://alojawebapps.us.es/centrosdptos/pdi/pdi.php?pdi=14859,Dirección y Organización de Empresas Turísticas,5,2026-01-14T15:57:11+00:00
http://alojawebapps.us.es/centrosdptos/pdi/pdi.php?pdi=14859,Empresas y Organizaciones Turísticas,6,2026-01-14T15:57:11+00:00
http://alojawebapps.us.es/centrosdptos/pdi/pdi.php?pdi=14859,"Género, Ciudadanía y Democracia",7,2026-01-14T15:57:11+00:00
http://alojawebapps.us.es/centrosdptos/pdi/pdi.php?pdi=14859,Innovación e Inteligencia Natural,8,2026-01-14T15:57:11+00:00
http://alojawebapps.us.es/centrosdptos/pdi/pdi.php?pdi=14859,Gestión de la Diversidad Cultural de las Empresas Internacionales,9,2026-01-14T15:57:11+00:00
http://alojawebapps.us.es/centrosdptos/pdi/pdi.php?pdi=2784,Responsabilidad Social y Ética Empresarial,1,2026-01-14T15:57:12+00:00
http://alojawebapps.us.es/centrosdptos/pdi/pdi.php?pdi=2784,Responsabilidad Social y Ética Empresarial,2,2026-01-14T15:57:12+00:00
http://alojawebapps.us.es/centrosdptos/pdi/pdi.php?pdi=2784,Responsabilidad Social y ética Empresarial,3,2026-01-14T15:57:12+00:00
http://alojawebapps.us.es/centrosdptos/pdi/pdi.php?pdi=2784,Alta Dirección de Empresas Turísticas,4,2026-01-14T15:57:12+00:00
http://alojawebapps.us.es/centrosdptos/pdi/pdi.php?pdi=3342,Introducción a la Economía de la Empresa (Organización),1,2026-01-14T15:57:13+00:00
http://alojawebapps.us.es/centrosdptos/pdi/pdi.php?pdi=3342,Introducción a la Economía de la Empresa,2,2026-01-14T15:57:13+00:00
http://alojawebapps.us.es/centrosdptos/pdi/pdi.php?pdi=3342,Introducción a la Economía de la Empresa (Organización),3,2026-01-14T15:57:13+00:00
http://alojawebapps.us.es/centrosdptos/pdi/pdi.php?pdi=3342,Innovación e Inteligencia Natural,4,2026-01-14T15:57:13+00:00
http://alojawebapps.us.es/centrosdptos/pdi/pdi.php?pdi=5593,Responsabilidad Social y Ética Empresarial,1,2026-01-14T15:57:14+00:00
http://alojawebapps.us.es/centrosdptos/pdi/pdi.php?pdi=15657,Administración de Empresas,1,2026-01-14T15:57:16+00:00
http://alojawebapps.us.es/centrosdptos/pdi/pdi.php?pdi=15657,Administración de Empresas,2,2026-01-14T15:57:16+00:00
http://alojawebapps.us.es/centrosdptos/pdi/pdi.php?pdi=15657,Organización de Empresas II,3,2026-01-14T15:57:16+00:00
http://alojawebapps.us.es/centrosdptos/pdi/pdi.php?pdi=15657,Administración y Gestión de Empresas Deportivas,4,2026-01-14T15:57:16+00:00
http://alojawebapps.us.es/centrosdptos/pdi/pdi.php?pdi=15657,Administración y Gestión de Empresas Deportivas,5,2026-01-14T15:57:16+00:00
http://alojawebapps.us.es/centrosdptos/pdi/pdi.php?pdi=15657,Administración de Empresas,6,2026-01-14T15:57:16+00:00
http://alojawebapps.us.es/centrosdptos/pdi/pdi.php?pdi=15657,Sistemas de Información y Gestión del Conocimiento,7,2026-01-14T15:57:16+00:00
http://alojawebapps.us.es/centrosdptos/pdi/pdi.php?pdi=15657,Empresa Global y Gestión de Intangibles,8,2026-01-14T15:57:16+00:00
http://alojawebapps.us.es/centrosdptos/pdi/pdi.php?pdi=18120,Dirección Comercial,1,2026-01-14T15:57:18+00:00
http://alojawebapps.us.es/centrosdptos/pdi/pdi.php?pdi=18120,Distribución Comercial I,2,2026-01-14T15:57:18+00:00
http://alojawebapps.us.es/centrosdptos/pdi/pdi.php?pdi=18120,Marketing,3,2026-01-14T15:57:18+00:00
http://alojawebapps.us.es/centrosdptos/pdi/pdi.php?pdi=6147,Dirección de Recursos Humanos I,1,2026-01-14T15:57:19+00:00
http://alojawebapps.us.es/centrosdptos/pdi/pdi.php?pdi=6147,Dirección de RR.HH. II,2,2026-01-14T15:57:19+00:00
http://alojawebapps.us.es/centrosdptos/pdi/pdi.php?pdi=4529,Estrategia e Innovación,1,2026-01-14T15:57:20+00:00
http://alojawebapps.us.es/centrosdptos/pdi/pdi.php?pdi=4529,Dirección Estratégica,2,2026-01-14T15:57:20+00:00
http://alojawebapps.us.es/centrosdptos/pdi/pdi.php?pdi=4529,Estrategia y Organización de Empresas Internacionales,3,2026-01-14T15:57:20+00:00
http://alojawebapps.us.es/centrosdptos/pdi/pdi.php?pdi=4529,Redes Internacionales,4,2026-01-14T15:57:20+00:00
http://alojawebapps.us.es/centrosdptos/pdi/pdi.php?pdi=4209,Dirección y Organización de Empresas Turísticas,1,2026-01-14T15:57:21+00:00
http://alojawebapps.us.es/centrosdptos/pdi/pdi.php?pdi=4209,Dirección y Organización de Empresas Turísticas,2,2026-01-14T15:57:21+00:00
http://alojawebapps.us.es/centrosdptos/pdi/pdi.php?pdi=4209,Dirección y Organización de Empresas Turísticas,3,2026-01-14T15:57:21+00:00
http://alojawebapps.us.es/centrosdptos/pdi/pdi.php?pdi=4209,Innovación e Inteligencia Natural,4,2026-01-14T15:57:21+00:00
http://alojawebapps.us.es/centrosdptos/pdi/pdi.php?pdi=4209,Dirección Estratégica de Negocios,5,2026-01-14T15:57:21+00:00
http://alojawebapps.us.es/centrosdptos/pdi/pdi.php?pdi=4522,Dirección de Recursos Humanos I,1,2026-01-14T15:57:23+00:00
http://alojawebapps.us.es/centrosdptos/pdi/pdi.php?pdi=4522,Fundamentos de Economía de la Empresa,2,2026-01-14T15:57:23+00:00
http://alojawebapps.us.es/centrosdptos/pdi/pdi.php?pdi=4522,Responsabilidad Social y Ética Empresarial,3,2026-01-14T15:57:23+00:00
http://alojawebapps.us.es/centrosdptos/pdi/pdi.php?pdi=4522,Dirección y Gestión de los Recursos Humanos,4,2026-01-14T15:57:23+00:00
http://alojawebapps.us.es/centrosdptos/pdi/pdi.php?pdi=4522,Organización del Trabajo,5,2026-01-14T15:57:23+00:00
http://alojawebapps.us.es/centrosdptos/pdi/pdi.php?pdi=4522,Responsabilidad Social y Ética Empresarial,6,2026-01-14T15:57:23+00:00
http://alojawebapps.us.es/centrosdptos/pdi/pdi.php?pdi=4522,Gestión de Empresas,7,2026-01-14T15:57:23+00:00
http://alojawebapps.us.es/centrosdptos/pdi/pdi.php?pdi=4522,Fundamentos de Economía de la Empresa,8,2026-01-14T15:57:23+00:00
http://alojawebapps.us.es/centrosdptos/pdi/pdi.php?pdi=4522,Alta Dirección de Empresas Turísticas,9,2026-01-14T15:57:23+00:00
http://alojawebapps.us.es/centrosdptos/pdi/pdi.php?pdi=9162,Investigación de Mercados Turísticos,1,2026-01-14T15:57:24+00:00
http://alojawebapps.us.es/centrosdptos/pdi/pdi.php?pdi=9162,Comunicación Comercial,2,2026-01-14T15:57:24+00:00
http://alojawebapps.us.es/centrosdptos/pdi/pdi.php?pdi=9162,Investigación de Mercados Turísticos,3,2026-01-14T15:57:24+00:00
http://alojawebapps.us.es/centrosdptos/pdi/pdi.php?pdi=3997,Dirección Comercial,1,2026-01-14T15:57:25+00:00
http://alojawebapps.us.es/centrosdptos/pdi/pdi.php?pdi=3997,Marketing Internacional,2,2026-01-14T15:57:25+00:00
http://alojawebapps.us.es/centrosdptos/pdi/pdi.php?pdi=3997,Problemática Real de la Internacionalizac. de las Empresas. Actitud Emprendedora hacia los Mercad.In,3,2026-01-14T15:57:25+00:00
http://alojawebapps.us.es/centrosdptos/pdi/pdi.php?pdi=3997,Problemática Real de la Internacionalización de las Empresas. Actitud Emprendedora hacia los Mercad,4,2026-01-14T15:57:25+00:00
http://alojawebapps.us.es/centrosdptos/pdi/pdi.php?pdi=17756,Administración de Empresas,1,2026-01-14T15:57:26+00:00
http://alojawebapps.us.es/centrosdptos/pdi/pdi.php?pdi=17756,Dirección y Organización de Empresas Turísticas,2,2026-01-14T15:57:26+00:00
http://alojawebapps.us.es/centrosdptos/pdi/pdi.php?pdi=17756,Empresas y Organizaciones Turísticas,3,2026-01-14T15:57:26+00:00
http://alojawebapps.us.es/centrosdptos/pdi/pdi.php?pdi=17756,Dirección y Organización de Empresas Turísticas,4,2026-01-14T15:57:26+00:00
http://alojawebapps.us.es/centrosdptos/pdi/pdi.php?pdi=17756,Empresas y Organizaciones Turísticas,5,2026-01-14T15:57:26+00:00
http://alojawebapps.us.es/centrosdptos/pdi/pdi.php?pdi=17756,Administración de Empresas,6,2026-01-14T15:57:26+00:00
http://alojawebapps.us.es/centrosdptos/pdi/pdi.php?pdi=17756,Dirección y Organización de Empresas Turísticas,7,2026-01-14T15:57:26+00:00
http://alojawebapps.us.es/centrosdptos/pdi/pdi.php?pdi=17756,Empresas y Organizaciones Turísticas,8,2026-01-14T15:57:26+00:00
http://alojawebapps.us.es/centrosdptos/pdi/pdi.php?pdi=14855,Dirección Comercial,1,2026-01-14T15:57:27+00:00
http://alojawebapps.us.es/centrosdptos/pdi/pdi.php?pdi=14855,Introducción al Marketing,2,2026-01-14T15:57:27+00:00
http://alojawebapps.us.es/centrosdptos/pdi/pdi.php?pdi=14855,Introducción al Marketing,3,2026-01-14T15:57:27+00:00
http://alojawebapps.us.es/centrosdptos/pdi/pdi.php?pdi=14855,Introducción al Marketing,4,2026-01-14T15:57:27+00:00
http://alojawebapps.us.es/centrosdptos/pdi/pdi.php?pdi=14855,Introducción al Marketing,5,2026-01-14T15:57:27+00:00
http://alojawebapps.us.es/centrosdptos/pdi/pdi.php?pdi=14855,Introducción al Marketing,6,2026-01-14T15:57:27+00:00
http://alojawebapps.us.es/centrosdptos/pdi/pdi.php?pdi=14855,El Comportamiento del Consumidor: Análisis de la Heterogeneidad del Mercado,7,2026-01-14T15:57:27+00:00
http://alojawebapps.us.es/centrosdptos/pdi/pdi.php?pdi=12567,Habilidades Directivas,1,2026-01-14T15:57:30+00:00
http://alojawebapps.us.es/centrosdptos/pdi/pdi.php?pdi=12567,Dirección y Organización,2,2026-01-14T15:57:30+00:00
http://alojawebapps.us.es/centrosdptos/pdi/pdi.php?pdi=12567,Dirección y Organización,3,2026-01-14T15:57:30+00:00
http://alojawebapps.us.es/centrosdptos/pdi/pdi.php?pdi=12567,Administración y Gestión de Empresas Deportivas,4,2026-01-14T15:57:30+00:00
http://alojawebapps.us.es/centrosdptos/pdi/pdi.php?pdi=12567,Administración y Gestión de Empresas Deportivas,5,2026-01-14T15:57:30+00:00
http://alojawebapps.us.es/centrosdptos/pdi/pdi.php?pdi=6098,Creación de Empresas,1,2026-01-14T15:57:31+00:00
http://alojawebapps.us.es/centrosdptos/pdi/pdi.php?pdi=6098,Gestión de Empresas,2,2026-01-14T15:57:31+00:00
http://alojawebapps.us.es/centrosdptos/pdi/pdi.php?pdi=6098,Creación de Empresas,3,2026-01-14T15:57:31+00:00
http://alojawebapps.us.es/centrosdptos/pdi/pdi.php?pdi=6098,Dirección de los Recursos Humanos en Organizaciones Turísticas,4,2026-01-14T15:57:31+00:00
http://alojawebapps.us.es/centrosdptos/pdi/pdi.php?pdi=17657,Dirección y Organización de Empresas Turísticas,1,2026-01-14T15:57:32+00:00
http://alojawebapps.us.es/centrosdptos/pdi/pdi.php?pdi=17657,Fundamentos de Economía de la Empresa,2,2026-01-14T15:57:32+00:00
http://alojawebapps.us.es/centrosdptos/pdi/pdi.php?pdi=17657,Dirección y Organización de Empresas Turísticas,3,2026-01-14T15:57:32+00:00
http://alojawebapps.us.es/centrosdptos/pdi/pdi.php?pdi=17657,Dirección y Organización de Empresas Turísticas,4,2026-01-14T15:57:32+00:00
http://alojawebapps.us.es/centrosdptos/pdi/pdi.php?pdi=18246,Distribución Comercial,1,2026-01-14T15:57:34+00:00
http://alojawebapps.us.es/centrosdptos/pdi/pdi.php?pdi=18246,Introducción al Marketing,2,2026-01-14T15:57:34+00:00
http://alojawebapps.us.es/centrosdptos/pdi/pdi.php?pdi=18246,Comunicación Comercial,3,2026-01-14T15:57:34+00:00
http://alojawebapps.us.es/centrosdptos/pdi/pdi.php?pdi=18246,Dirección Comercial,4,2026-01-14T15:57:34+00:00
http://alojawebapps.us.es/centrosdptos/pdi/pdi.php?pdi=15082,Administración de Empresas,1,2026-01-14T15:57:35+00:00
http://alojawebapps.us.es/centrosdptos/pdi/pdi.php?pdi=15082,Organización del Trabajo,2,2026-01-14T15:57:35+00:00
http://alojawebapps.us.es/centrosdptos/pdi/pdi.php?pdi=15082,Administración de Empresas,3,2026-01-14T15:57:35+00:00
http://alojawebapps.us.es/centrosdptos/pdi/pdi.php?pdi=3513,Dirección de RR.HH. II,1,2026-01-14T15:57:36+00:00
http://alojawebapps.us.es/centrosdptos/pdi/pdi.php?pdi=3513,Gestión de los Recursos Humanos en el Sector Turístico,2,2026-01-14T15:57:36+00:00
http://alojawebapps.us.es/centrosdptos/pdi/pdi.php?pdi=3513,Gestión de los Recursos Humanos en el Sector Turístico,3,2026-01-14T15:57:36+00:00
http://alojawebapps.us.es/centrosdptos/pdi/pdi.php?pdi=6309,Creación de Empresas,1,2026-01-14T15:57:37+00:00
http://alojawebapps.us.es/centrosdptos/pdi/pdi.php?pdi=6309,Introducción a la Economía de la Empresa (Organización),2,2026-01-14T15:57:37+00:00
http://alojawebapps.us.es/centrosdptos/pdi/pdi.php?pdi=6309,Introducción a la Economía de la Empresa,3,2026-01-14T15:57:37+00:00
http://alojawebapps.us.es/centrosdptos/pdi/pdi.php?pdi=6309,Dirección Estratégica,4,2026-01-14T15:57:37+00:00
http://alojawebapps.us.es/centrosdptos/pdi/pdi.php?pdi=6309,Creación de Empresas,5,2026-01-14T15:57:37+00:00
http://alojawebapps.us.es/centrosdptos/pdi/pdi.php?pdi=6309,Introducción a la Economía de la Empresa (Organización),6,2026-01-14T15:57:37+00:00
http://alojawebapps.us.es/centrosdptos/pdi/pdi.php?pdi=17704,Marketing,1,2026-01-14T15:57:39+00:00
http://alojawebapps.us.es/centrosdptos/pdi/pdi.php?pdi=17704,Investigación de Mercados Turísticos,2,2026-01-14T15:57:39+00:00
http://alojawebapps.us.es/centrosdptos/pdi/pdi.php?pdi=17704,Investigación de Mercados II,3,2026-01-14T15:57:39+00:00
http://alojawebapps.us.es/centrosdptos/pdi/pdi.php?pdi=17704,Investigación de Mercados Turísticos,4,2026-01-14T15:57:39+00:00
http://alojawebapps.us.es/centrosdptos/pdi/pdi.php?pdi=17577,Dirección de Recursos Humanos I,1,2026-01-14T15:57:40+00:00
http://alojawebapps.us.es/centrosdptos/pdi/pdi.php?pdi=17577,Gestión de Recursos Humanos y Habilidades Directivas,2,2026-01-14T15:57:40+00:00
http://alojawebapps.us.es/centrosdptos/pdi/pdi.php?pdi=17577,Dirección y Gestión de los Recursos Humanos,3,2026-01-14T15:57:40+00:00
http://alojawebapps.us.es/centrosdptos/pdi/pdi.php?pdi=18260,Introducción al Marketing,1,2026-01-14T15:57:41+00:00
http://alojawebapps.us.es/centrosdptos/pdi/pdi.php?pdi=18260,Comunicación Digital,2,2026-01-14T15:57:41+00:00
http://alojawebapps.us.es/centrosdptos/pdi/pdi.php?pdi=18260,Introducción al Marketing,3,2026-01-14T15:57:41+00:00
http://alojawebapps.us.es/centrosdptos/pdi/pdi.php?pdi=18260,Marketing Online,4,2026-01-14T15:57:41+00:00
http://alojawebapps.us.es/centrosdptos/pdi/pdi.php?pdi=18260,Introducción al Marketing,5,2026-01-14T15:57:41+00:00
http://alojawebapps.us.es/centrosdptos/pdi/pdi.php?pdi=16695,Administración de Empresas,1,2026-01-14T15:57:42+00:00
http://alojawebapps.us.es/centrosdptos/pdi/pdi.php?pdi=16695,Administración de Recursos Humanos por Competencias y Ocupaciones,2,2026-01-14T15:57:42+00:00
http://alojawebapps.us.es/centrosdptos/pdi/pdi.php?pdi=16695,Administración de Empresas,3,2026-01-14T15:57:42+00:00
http://alojawebapps.us.es/centrosdptos/pdi/pdi.php?pdi=5420,Administración de Empresas,1,2026-01-14T15:57:43+00:00
http://alojawebapps.us.es/centrosdptos/pdi/pdi.php?pdi=5420,Dirección Estratégica de los Recursos Humanos,2,2026-01-14T15:57:43+00:00
http://alojawebapps.us.es/centrosdptos/pdi/pdi.php?pdi=11959,Administración de Empresas,1,2026-01-14T15:57:44+00:00
http://alojawebapps.us.es/centrosdptos/pdi/pdi.php?pdi=11959,Organización de Empresas II,2,2026-01-14T15:57:44+00:00
http://alojawebapps.us.es/centrosdptos/pdi/pdi.php?pdi=11959,Organización de Empresas II,3,2026-01-14T15:57:44+00:00
http://alojawebapps.us.es/centrosdptos/pdi/pdi.php?pdi=11959,Administración de Empresas,4,2026-01-14T15:57:44+00:00
http://alojawebapps.us.es/centrosdptos/pdi/pdi.php?pdi=11959,Organización de Empresas II,5,2026-01-14T15:57:44+00:00
http://alojawebapps.us.es/centrosdptos/pdi/pdi.php?pdi=11959,Sistemas de Información y Gestión del Conocimiento,6,2026-01-14T15:57:44+00:00
http://alojawebapps.us.es/centrosdptos/pdi/pdi.php?pdi=11959,Sistemas de Información y Gestión del Conocimiento,7,2026-01-14T15:57:44+00:00
http://alojawebapps.us.es/centrosdptos/pdi/pdi.php?pdi=11959,Artificial Intelligence Application in Human Resource Management,8,2026-01-14T15:57:44+00:00
http://alojawebapps.us.es/centrosdptos/pdi/pdi.php?pdi=14856,Distribución Comercial,1,2026-01-14T15:57:46+00:00
http://alojawebapps.us.es/centrosdptos/pdi/pdi.php?pdi=14856,Comportamiento del Consumidor,2,2026-01-14T15:57:46+00:00
http://alojawebapps.us.es/centrosdptos/pdi/pdi.php?pdi=14856,Distribución Comercial I,3,2026-01-14T15:57:46+00:00
http://alojawebapps.us.es/centrosdptos/pdi/pdi.php?pdi=5755,Investigación de Mercados Turísticos,1,2026-01-14T15:57:47+00:00
http://alojawebapps.us.es/centrosdptos/pdi/pdi.php?pdi=5755,Investigación de Mercados II,2,2026-01-14T15:57:47+00:00
http://alojawebapps.us.es/centrosdptos/pdi/pdi.php?pdi=5755,Investigación de Mercados Turísticos,3,2026-01-14T15:57:47+00:00
http://alojawebapps.us.es/centrosdptos/pdi/pdi.php?pdi=5755,Aprendizaje y Enseñanza de las Materias de Hostelería y Turismo,4,2026-01-14T15:57:47+00:00
http://alojawebapps.us.es/centrosdptos/pdi/pdi.php?pdi=5755,Complementos de Formación Disciplinar en Hostelería y Turismo,5,2026-01-14T15:57:47+00:00
http://alojawebapps.us.es/centrosdptos/pdi/pdi.php?pdi=5755,Gestión de las Relaciones con el Cliente,6,2026-01-14T15:57:47+00:00
http://alojawebapps.us.es/centrosdptos/pdi/pdi.php?pdi=5755,Investigación de Marketing,7,2026-01-14T15:57:47+00:00
http://alojawebapps.us.es/centrosdptos/pdi/pdi.php?pdi=5526,Investigación de Mercados Turísticos,1,2026-01-14T15:57:48+00:00
http://alojawebapps.us.es/centrosdptos/pdi/pdi.php?pdi=5526,Investigación de Mercados II,2,2026-01-14T15:57:48+00:00
http://alojawebapps.us.es/centrosdptos/pdi/pdi.php?pdi=5526,Investigación de Mercados Turísticos,3,2026-01-14T15:57:48+00:00
http://alojawebapps.us.es/centrosdptos/pdi/pdi.php?pdi=5526,Aprendizaje y Enseñanza de las Materias de Hostelería y Turismo,4,2026-01-14T15:57:48+00:00
http://alojawebapps.us.es/centrosdptos/pdi/pdi.php?pdi=5526,Complementos de Formación Disciplinar en Hostelería y Turismo,5,2026-01-14T15:57:48+00:00
http://alojawebapps.us.es/centrosdptos/pdi/pdi.php?pdi=5526,Gestión de las Relaciones con el Cliente,6,2026-01-14T15:57:48+00:00
http://alojawebapps.us.es/centrosdptos/pdi/pdi.php?pdi=5526,Investigación de Marketing,7,2026-01-14T15:57:48+00:00
http://alojawebapps.us.es/centrosdptos/pdi/pdi.php?pdi=18293,Administración de Empresas,1,2026-01-14T15:57:49+00:00
http://alojawebapps.us.es/centrosdptos/pdi/pdi.php?pdi=18293,Dirección y Organización de Empresas Turísticas,2,2026-01-14T15:57:49+00:00
http://alojawebapps.us.es/centrosdptos/pdi/pdi.php?pdi=18293,Administración de Empresas,3,2026-01-14T15:57:49+00:00
http://alojawebapps.us.es/centrosdptos/pdi/pdi.php?pdi=18293,Administración de Empresas Publicitarias,4,2026-01-14T15:57:49+00:00
http://alojawebapps.us.es/centrosdptos/pdi/pdi.php?pdi=18293,Dirección y Organización de Empresas Turísticas,5,2026-01-14T15:57:49+00:00
http://alojawebapps.us.es/centrosdptos/pdi/pdi.php?pdi=18293,Administración de Empresas,6,2026-01-14T15:57:49+00:00
http://alojawebapps.us.es/centrosdptos/pdi/pdi.php?pdi=18293,Dirección y Organización de Empresas Turísticas,7,2026-01-14T15:57:49+00:00
http://alojawebapps.us.es/centrosdptos/pdi/pdi.php?pdi=18368,Gestión de la Calidad,1,2026-01-14T15:57:50+00:00
http://alojawebapps.us.es/centrosdptos/pdi/pdi.php?pdi=18368,Organización de Empresas II,2,2026-01-14T15:57:50+00:00
http://alojawebapps.us.es/centrosdptos/pdi/pdi.php?pdi=18368,Organización de Empresas II,3,2026-01-14T15:57:50+00:00
http://alojawebapps.us.es/centrosdptos/pdi/pdi.php?pdi=16111,Marketing de Servicios,1,2026-01-14T15:57:52+00:00
http://alojawebapps.us.es/centrosdptos/pdi/pdi.php?pdi=16111,Introducción al Marketing,2,2026-01-14T15:57:52+00:00
http://alojawebapps.us.es/centrosdptos/pdi/pdi.php?pdi=16111,Marketing de Servicios,3,2026-01-14T15:57:52+00:00
http://alojawebapps.us.es/centrosdptos/pdi/pdi.php?pdi=17826,Administración de Empresas,1,2026-01-14T15:57:53+00:00
http://alojawebapps.us.es/centrosdptos/pdi/pdi.php?pdi=17826,Organización de Empresas II,2,2026-01-14T15:57:53+00:00
http://alojawebapps.us.es/centrosdptos/pdi/pdi.php?pdi=17826,Administración de Empresas,3,2026-01-14T15:57:53+00:00
http://alojawebapps.us.es/centrosdptos/pdi/pdi.php?pdi=17826,Organización de Empresas II,4,2026-01-14T15:57:53+00:00
http://alojawebapps.us.es/centrosdptos/pdi/pdi.php?pdi=11460,Introducción a la Economía de la Empresa (Organización),1,2026-01-14T15:57:54+00:00
http://alojawebapps.us.es/centrosdptos/pdi/pdi.php?pdi=11460,Administración y Gestión de Empresas Deportivas,2,2026-01-14T15:57:54+00:00
http://alojawebapps.us.es/centrosdptos/pdi/pdi.php?pdi=11460,Administración y Gestión de Empresas Deportivas,3,2026-01-14T15:57:54+00:00
http://alojawebapps.us.es/centrosdptos/pdi/pdi.php?pdi=11460,Introducción a la Economía de la Empresa (Organización),4,2026-01-14T15:57:54+00:00
http://alojawebapps.us.es/centrosdptos/pdi/pdi.php?pdi=11460,El Cambio en las Instituciones en una Economía Global,5,2026-01-14T15:57:54+00:00
http://alojawebapps.us.es/centrosdptos/pdi/pdi.php?pdi=11460,Gestión del Valor para el Cliente (Customer Equity Management),6,2026-01-14T15:57:54+00:00
http://alojawebapps.us.es/centrosdptos/pdi/pdi.php?pdi=11460,Estrategia Empresarial Avanzada,7,2026-01-14T15:57:54+00:00
http://alojawebapps.us.es/centrosdptos/pdi/pdi.php?pdi=11460,Automating Business Processes Using Artificial Intelligence,8,2026-01-14T15:57:54+00:00
http://alojawebapps.us.es/centrosdptos/pdi/pdi.php?pdi=4158,Organización del Trabajo,1,2026-01-14T15:57:56+00:00
http://alojawebapps.us.es/centrosdptos/pdi/pdi.php?pdi=4158,Organización del Trabajo,2,2026-01-14T15:57:56+00:00
http://alojawebapps.us.es/centrosdptos/pdi/pdi.php?pdi=4158,Empresa Global y Gestión de Intangibles,3,2026-01-14T15:57:56+00:00
http://alojawebapps.us.es/centrosdptos/pdi/pdi.php?pdi=4158,La Importancia Estratégica de los Intangibles: la Gestión del Conocimiento,4,2026-01-14T15:57:56+00:00
http://alojawebapps.us.es/centrosdptos/pdi/pdi.php?pdi=4158,Planificación de la Formación en las Organizaciones,5,2026-01-14T15:57:56+00:00
http://alojawebapps.us.es/centrosdptos/pdi/pdi.php?pdi=4158,Temas de Actualidad en Dirección de Recursos Humanos Global,6,2026-01-14T15:57:56+00:00
http://alojawebapps.us.es/centrosdptos/pdi/pdi.php?pdi=4158,La Importancia Estratégica de los Intangibles: la Gestión del Conocimiento,7,2026-01-14T15:57:56+00:00
http://alojawebapps.us.es/centrosdptos/pdi/pdi.php?pdi=4158,Planificación de la Formación en las Organizaciones,8,2026-01-14T15:57:56+00:00
http://alojawebapps.us.es/centrosdptos/pdi/pdi.php?pdi=4158,Temas de Actualidad en Dirección de Recursos Humanos Global,9,2026-01-14T15:57:56+00:00
http://alojawebapps.us.es/centrosdptos/pdi/pdi.php?pdi=18248,Introducción al Marketing,1,2026-01-14T15:57:57+00:00
http://alojawebapps.us.es/centrosdptos/pdi/pdi.php?pdi=18248,Marketing y Ética en los Negocios,2,2026-01-14T15:57:57+00:00
http://alojawebapps.us.es/centrosdptos/pdi/pdi.php?pdi=18248,Planificación y Gestión de Medios Publicitarios,3,2026-01-14T15:57:57+00:00
http://alojawebapps.us.es/centrosdptos/pdi/pdi.php?pdi=18248,Marketing,4,2026-01-14T15:57:57+00:00
http://alojawebapps.us.es/centrosdptos/pdi/pdi.php?pdi=18248,Introducción al Marketing,5,2026-01-14T15:57:57+00:00
http://alojawebapps.us.es/centrosdptos/pdi/pdi.php?pdi=5083,Dirección Comercial,1,2026-01-14T15:57:58+00:00
http://alojawebapps.us.es/centrosdptos/pdi/pdi.php?pdi=5083,Marketing de Servicios,2,2026-01-14T15:57:58+00:00
http://alojawebapps.us.es/centrosdptos/pdi/pdi.php?pdi=3341,Fundamentos de Economía de la Empresa,1,2026-01-14T15:57:59+00:00
http://alojawebapps.us.es/centrosdptos/pdi/pdi.php?pdi=3341,Fundamentos de Economía de la Empresa,2,2026-01-14T15:57:59+00:00
http://alojawebapps.us.es/centrosdptos/pdi/pdi.php?pdi=3341,"Género, Ciudadanía y Democracia",3,2026-01-14T15:57:59+00:00
http://alojawebapps.us.es/centrosdptos/pdi/pdi.php?pdi=3341,Transferencia de Conocimiento en Negocio Internacionales,4,2026-01-14T15:57:59+00:00
http://alojawebapps.us.es/centrosdptos/pdi/pdi.php?pdi=18400,Marketing Turístico,1,2026-01-14T15:58:00+00:00
http://alojawebapps.us.es/centrosdptos/pdi/pdi.php?pdi=18400,Investigación Comercial,2,2026-01-14T15:58:00+00:00
http://alojawebapps.us.es/centrosdptos/pdi/pdi.php?pdi=18400,Marketing Turístico,3,2026-01-14T15:58:00+00:00
http://alojawebapps.us.es/centrosdptos/pdi/pdi.php?pdi=18400,Marketing Turístico,4,2026-01-14T15:58:00+00:00
http://alojawebapps.us.es/centrosdptos/pdi/pdi.php?pdi=3884,Dirección Estratégica,1,2026-01-14T15:58:01+00:00
http://alojawebapps.us.es/centrosdptos/pdi/pdi.php?pdi=3884,Estrategia e Innovación,2,2026-01-14T15:58:01+00:00
http://alojawebapps.us.es/centrosdptos/pdi/pdi.php?pdi=3884,Comportamiento Emprendedor e Innovación en Sectores Globales,3,2026-01-14T15:58:01+00:00
http://alojawebapps.us.es/centrosdptos/pdi/pdi.php?pdi=2570,Merchandising,1,2026-01-14T15:58:02+00:00
http://alojawebapps.us.es/centrosdptos/pdi/pdi.php?pdi=2570,Sistemas Integrados de Distribución en Mercados Internacionales,2,2026-01-14T15:58:02+00:00
http://alojawebapps.us.es/centrosdptos/pdi/pdi.php?pdi=2570,Estrategias de Marketing Avanzadas,3,2026-01-14T15:58:02+00:00
http://alojawebapps.us.es/centrosdptos/pdi/pdi.php?pdi=5094,Marketing,1,2026-01-14T15:58:03+00:00
http://alojawebapps.us.es/centrosdptos/pdi/pdi.php?pdi=5094,Marketing Financiero,2,2026-01-14T15:58:03+00:00
http://alojawebapps.us.es/centrosdptos/pdi/pdi.php?pdi=2750,Investigación Comercial,1,2026-01-14T15:58:04+00:00
http://alojawebapps.us.es/centrosdptos/pdi/pdi.php?pdi=2750,E-BUSINESS,2,2026-01-14T15:58:04+00:00
http://alojawebapps.us.es/centrosdptos/pdi/pdi.php?pdi=2750,Habilidades para la Investigación Aplicada en Marketing,3,2026-01-14T15:58:04+00:00
http://alojawebapps.us.es/centrosdptos/pdi/pdi.php?pdi=2412,Organización del Trabajo,1,2026-01-14T15:58:06+00:00
http://alojawebapps.us.es/centrosdptos/pdi/pdi.php?pdi=2412,Creación de Empresas,2,2026-01-14T15:58:06+00:00
http://alojawebapps.us.es/centrosdptos/pdi/pdi.php?pdi=2412,Creación de Empresas,3,2026-01-14T15:58:06+00:00
http://alojawebapps.us.es/centrosdptos/pdi/pdi.php?pdi=2412,Gestión de Personas en el Siglo XXI,4,2026-01-14T15:58:06+00:00
http://alojawebapps.us.es/centrosdptos/pdi/pdi.php?pdi=2412,Orientación Estratégica de las Personas I,5,2026-01-14T15:58:06+00:00
http://alojawebapps.us.es/centrosdptos/pdi/pdi.php?pdi=2412,Orientación Estratégica de las Personas II,6,2026-01-14T15:58:06+00:00
http://alojawebapps.us.es/centrosdptos/pdi/pdi.php?pdi=2412,Éxitos y Fracasos en el Mundo Empresarial,7,2026-01-14T15:58:06+00:00
http://alojawebapps.us.es/centrosdptos/pdi/pdi.php?pdi=2412,Éxitos y Fracasos en el Mundo Empresarial,8,2026-01-14T15:58:06+00:00
http://alojawebapps.us.es/centrosdptos/pdi/pdi.php?pdi=2412,Gestión de Personas en el Siglo XXI,9,2026-01-14T15:58:06+00:00
http://alojawebapps.us.es/centrosdptos/pdi/pdi.php?pdi=2412,Orientación Estratégica de las Personas I,10,2026-01-14T15:58:06+00:00
http://alojawebapps.us.es/centrosdptos/pdi/pdi.php?pdi=2412,Orientación Estratégica de las Personas II,11,2026-01-14T15:58:06+00:00
http://alojawebapps.us.es/centrosdptos/pdi/pdi.php?pdi=2567,Dirección de Ventas I,1,2026-01-14T15:58:07+00:00
http://alojawebapps.us.es/centrosdptos/pdi/pdi.php?pdi=2567,Dirección de Ventas II,2,2026-01-14T15:58:07+00:00
http://alojawebapps.us.es/centrosdptos/pdi/pdi.php?pdi=17933,Investigación Comercial,1,2026-01-14T15:58:08+00:00
http://alojawebapps.us.es/centrosdptos/pdi/pdi.php?pdi=17933,Investigación de Mercados I,2,2026-01-14T15:58:08+00:00
http://alojawebapps.us.es/centrosdptos/pdi/pdi.php?pdi=17933,Investigación de Mercados III,3,2026-01-14T15:58:08+00:00
http://alojawebapps.us.es/centrosdptos/pdi/pdi.php?pdi=2404,Marketing,1,2026-01-14T15:58:09+00:00
http://alojawebapps.us.es/centrosdptos/pdi/pdi.php?pdi=2404,Publicidad y Promoción Comercial del Turismo,2,2026-01-14T15:58:09+00:00
http://alojawebapps.us.es/centrosdptos/pdi/pdi.php?pdi=2404,Marketing Industrial,3,2026-01-14T15:58:09+00:00
http://alojawebapps.us.es/centrosdptos/pdi/pdi.php?pdi=2404,Marketing,4,2026-01-14T15:58:09+00:00
http://alojawebapps.us.es/centrosdptos/pdi/pdi.php?pdi=2404,Publicidad y Promoción Comercial del Turismo,5,2026-01-14T15:58:09+00:00
http://alojawebapps.us.es/centrosdptos/pdi/pdi.php?pdi=2404,Dirección Comercial de Organizaciones Turísticas,6,2026-01-14T15:58:09+00:00
http://alojawebapps.us.es/centrosdptos/pdi/pdi.php?pdi=16886,Dirección Estratégica,1,2026-01-14T15:58:10+00:00
http://alojawebapps.us.es/centrosdptos/pdi/pdi.php?pdi=16886,Gestión de la Calidad,2,2026-01-14T15:58:10+00:00
http://alojawebapps.us.es/centrosdptos/pdi/pdi.php?pdi=16886,Organización del Trabajo,3,2026-01-14T15:58:10+00:00
http://alojawebapps.us.es/centrosdptos/pdi/pdi.php?pdi=16886,Creación de Empresas Turísticas,4,2026-01-14T15:58:10+00:00
http://alojawebapps.us.es/centrosdptos/pdi/pdi.php?pdi=16886,Introducción a la Economía de la Empresa (Organización),5,2026-01-14T15:58:10+00:00
http://alojawebapps.us.es/centrosdptos/pdi/pdi.php?pdi=16886,Habilidades Personales y Directivas,6,2026-01-14T15:58:10+00:00
http://alojawebapps.us.es/centrosdptos/pdi/pdi.php?pdi=16886,Habilidades Personales y Directivas,7,2026-01-14T15:58:10+00:00
http://alojawebapps.us.es/centrosdptos/pdi/pdi.php?pdi=11810,Dirección y Organización,1,2026-01-14T15:58:11+00:00
http://alojawebapps.us.es/centrosdptos/pdi/pdi.php?pdi=11810,Estrategia Empresarial Avanzada,2,2026-01-14T15:58:11+00:00
http://alojawebapps.us.es/centrosdptos/pdi/pdi.php?pdi=4164,Distribución Comercial I,1,2026-01-14T15:58:13+00:00
http://alojawebapps.us.es/centrosdptos/pdi/pdi.php?pdi=4164,Distribución Comercial II,2,2026-01-14T15:58:13+00:00
http://alojawebapps.us.es/centrosdptos/pdi/pdi.php?pdi=4164,Sistemas Integrados de Distribución en Mercados Internacionales,3,2026-01-14T15:58:13+00:00
http://alojawebapps.us.es/centrosdptos/pdi/pdi.php?pdi=4164,Estrategias de Marketing Avanzadas,4,2026-01-14T15:58:13+00:00
http://alojawebapps.us.es/centrosdptos/pdi/pdi.php?pdi=4164,"Gestión Logística, Tics y Marketing Aplicado a la Oficina de Farmacia",5,2026-01-14T15:58:13+00:00
http://alojawebapps.us.es/centrosdptos/pdi/pdi.php?pdi=18350,Administración de Empresas,1,2026-01-14T15:58:14+00:00
http://alojawebapps.us.es/centrosdptos/pdi/pdi.php?pdi=18350,Organización de Empresas II,2,2026-01-14T15:58:14+00:00
http://alojawebapps.us.es/centrosdptos/pdi/pdi.php?pdi=18350,Administración de Empresas,3,2026-01-14T15:58:14+00:00
http://alojawebapps.us.es/centrosdptos/pdi/pdi.php?pdi=18350,Organización de Empresas II,4,2026-01-14T15:58:14+00:00
http://alojawebapps.us.es/centrosdptos/pdi/pdi.php?pdi=5201,Gestión Integrada de la Calidad en el Turismo,1,2026-01-14T15:58:15+00:00
http://alojawebapps.us.es/centrosdptos/pdi/pdi.php?pdi=5201,Gestión Integrada de la Calidad en el Turismo,2,2026-01-14T15:58:15+00:00
http://alojawebapps.us.es/centrosdptos/pdi/pdi.php?pdi=3811,Introducción a la Economía de la Empresa (Organización),1,2026-01-14T15:58:17+00:00
http://alojawebapps.us.es/centrosdptos/pdi/pdi.php?pdi=3811,Introducción a la Economía de la Empresa,2,2026-01-14T15:58:17+00:00
http://alojawebapps.us.es/centrosdptos/pdi/pdi.php?pdi=3811,Introducción a la Economía de la Empresa (Organización),3,2026-01-14T15:58:17+00:00
http://alojawebapps.us.es/centrosdptos/pdi/pdi.php?pdi=3811,Internacionalización de la Empresa Familiar,4,2026-01-14T15:58:17+00:00
http://alojawebapps.us.es/centrosdptos/pdi/pdi.php?pdi=4438,Fundamentos de Economía de la Empresa,1,2026-01-14T15:58:18+00:00
http://alojawebapps.us.es/centrosdptos/pdi/pdi.php?pdi=4438,Gestión de Recursos Humanos y Habilidades Directivas,2,2026-01-14T15:58:18+00:00
http://alojawebapps.us.es/centrosdptos/pdi/pdi.php?pdi=4438,Dirección de Recursos Humanos I,3,2026-01-14T15:58:18+00:00
http://alojawebapps.us.es/centrosdptos/pdi/pdi.php?pdi=17745,Creación de Empresas,1,2026-01-14T15:58:19+00:00
http://alojawebapps.us.es/centrosdptos/pdi/pdi.php?pdi=3653,Creación de Empresas,1,2026-01-14T15:58:20+00:00
http://alojawebapps.us.es/centrosdptos/pdi/pdi.php?pdi=3653,Dirección Estratégica,2,2026-01-14T15:58:20+00:00
http://alojawebapps.us.es/centrosdptos/pdi/pdi.php?pdi=3653,Etica y Responsabilidad Social en los Negocios Internacionales,3,2026-01-14T15:58:20+00:00
http://alojawebapps.us.es/centrosdptos/pdi/pdi.php?pdi=3653,Ética y Responsabilidad Social en un Contexto Europeo e Internacional,4,2026-01-14T15:58:20+00:00
http://alojawebapps.us.es/centrosdptos/pdi/pdi.php?pdi=3653,Ética y Responsabilidad Social en un Contexto Europeo e Internacional,5,2026-01-14T15:58:20+00:00
http://alojawebapps.us.es/centrosdptos/pdi/pdi.php?pdi=3653,Planificación de la Actividad Logística,6,2026-01-14T15:58:20+00:00
http://alojawebapps.us.es/centrosdptos/pdi/pdi.php?pdi=3654,Introducción al Marketing,1,2026-01-14T15:58:21+00:00
http://alojawebapps.us.es/centrosdptos/pdi/pdi.php?pdi=3654,Marketing,2,2026-01-14T15:58:21+00:00
http://alojawebapps.us.es/centrosdptos/pdi/pdi.php?pdi=3654,Introducción al Marketing,3,2026-01-14T15:58:21+00:00
http://alojawebapps.us.es/centrosdptos/pdi/pdi.php?pdi=3654,Contratación y Comercio Exterior,4,2026-01-14T15:58:21+00:00
http://alojawebapps.us.es/centrosdptos/pdi/pdi.php?pdi=3654,Estrategias de Marketing y Dirección Comercial,5,2026-01-14T15:58:21+00:00
http://alojawebapps.us.es/centrosdptos/pdi/pdi.php?pdi=11478,Marketing Turístico,1,2026-01-14T15:58:22+00:00
http://alojawebapps.us.es/centrosdptos/pdi/pdi.php?pdi=11478,Comercialización de Destinos y Marketing Digital,2,2026-01-14T15:58:22+00:00
http://alojawebapps.us.es/centrosdptos/pdi/pdi.php?pdi=11478,Marketing Turístico,3,2026-01-14T15:58:22+00:00
http://alojawebapps.us.es/centrosdptos/pdi/pdi.php?pdi=11478,Marketing Turístico,4,2026-01-14T15:58:22+00:00
http://alojawebapps.us.es/centrosdptos/pdi/pdi.php?pdi=11478,Promoción y Comercialización de Destinos Turísticos,5,2026-01-14T15:58:22+00:00
http://alojawebapps.us.es/centrosdptos/pdi/pdi.php?pdi=11478,Estrategias de Marketing Avanzadas,6,2026-01-14T15:58:22+00:00
http://alojawebapps.us.es/centrosdptos/pdi/pdi.php?pdi=18448,Introducción al Marketing,1,2026-01-14T15:58:23+00:00
http://alojawebapps.us.es/centrosdptos/pdi/pdi.php?pdi=18448,Planificación y Gestión de Precios,2,2026-01-14T15:58:23+00:00
http://alojawebapps.us.es/centrosdptos/pdi/pdi.php?pdi=4951,Introducción al Marketing,1,2026-01-14T15:58:25+00:00
http://alojawebapps.us.es/centrosdptos/pdi/pdi.php?pdi=4951,Investigación de Mercados Turísticos,2,2026-01-14T15:58:25+00:00
http://alojawebapps.us.es/centrosdptos/pdi/pdi.php?pdi=4951,Planificación y Gestión de Medios Publicitarios,3,2026-01-14T15:58:25+00:00
http://alojawebapps.us.es/centrosdptos/pdi/pdi.php?pdi=4951,Investigación de Mercados Turísticos,4,2026-01-14T15:58:25+00:00
http://alojawebapps.us.es/centrosdptos/pdi/pdi.php?pdi=4951,Introducción al Marketing,5,2026-01-14T15:58:25+00:00
http://alojawebapps.us.es/centrosdptos/pdi/pdi.php?pdi=2865,Organización del Trabajo,1,2026-01-14T15:58:26+00:00
http://alojawebapps.us.es/centrosdptos/pdi/pdi.php?pdi=2865,Organización del Trabajo,2,2026-01-14T15:58:26+00:00
http://alojawebapps.us.es/centrosdptos/pdi/pdi.php?pdi=2375,Dirección Comercial,1,2026-01-14T15:58:27+00:00
http://alojawebapps.us.es/centrosdptos/pdi/pdi.php?pdi=2375,Introducción al Marketing,2,2026-01-14T15:58:27+00:00
http://alojawebapps.us.es/centrosdptos/pdi/pdi.php?pdi=2375,Introducción al Marketing,3,2026-01-14T15:58:27+00:00
http://alojawebapps.us.es/centrosdptos/pdi/pdi.php?pdi=2375,Diagnóstico e Investigación de Estrategias de Comunicación Institucional y Política,4,2026-01-14T15:58:27+00:00
http://alojawebapps.us.es/centrosdptos/pdi/pdi.php?pdi=2375,Estrategias de Marketing y Dirección Comercial,5,2026-01-14T15:58:27+00:00
http://alojawebapps.us.es/centrosdptos/pdi/pdi.php?pdi=9654,Dirección Estratégica de Organizaciones Turísticas,1,2026-01-14T15:58:28+00:00
http://alojawebapps.us.es/centrosdptos/pdi/pdi.php?pdi=9654,Empresas y Organizaciones Turísticas,2,2026-01-14T15:58:28+00:00
http://alojawebapps.us.es/centrosdptos/pdi/pdi.php?pdi=9654,Dirección Estratégica de Organizaciones Turísticas,3,2026-01-14T15:58:28+00:00
http://alojawebapps.us.es/centrosdptos/pdi/pdi.php?pdi=9654,Empresas y Organizaciones Turísticas,4,2026-01-14T15:58:28+00:00
http://alojawebapps.us.es/centrosdptos/pdi/pdi.php?pdi=9654,Empresas y Organizaciones Turísticas,5,2026-01-14T15:58:28+00:00
http://alojawebapps.us.es/centrosdptos/pdi/pdi.php?pdi=9654,Innovación e Inteligencia Natural,6,2026-01-14T15:58:28+00:00
http://alojawebapps.us.es/centrosdptos/pdi/pdi.php?pdi=9654,Orientación al Mercado e Internacionalización,7,2026-01-14T15:58:28+00:00
http://alojawebapps.us.es/centrosdptos/pdi/pdi.php?pdi=9654,Estrategia Empresarial Avanzada,8,2026-01-14T15:58:28+00:00
http://alojawebapps.us.es/centrosdptos/pdi/pdi.php?pdi=2606,Comunicación Comercial,1,2026-01-14T15:58:29+00:00
http://alojawebapps.us.es/centrosdptos/pdi/pdi.php?pdi=6277,Dirección de RR.HH. II,1,2026-01-14T15:58:30+00:00
http://alojawebapps.us.es/centrosdptos/pdi/pdi.php?pdi=6277,Gestión de los Recursos Humanos en el Sector Turístico,2,2026-01-14T15:58:30+00:00
http://alojawebapps.us.es/centrosdptos/pdi/pdi.php?pdi=6277,Gestión de los Recursos Humanos en el Sector Turístico,3,2026-01-14T15:58:30+00:00
http://alojawebapps.us.es/centrosdptos/pdi/pdi.php?pdi=3922,Organización de Empresas II,1,2026-01-14T15:58:31+00:00
http://alojawebapps.us.es/centrosdptos/pdi/pdi.php?pdi=3922,Organización de Empresas II,2,2026-01-14T15:58:31+00:00
http://alojawebapps.us.es/centrosdptos/pdi/pdi.php?pdi=3922,Sistemas de Información y Gestión del Conocimiento,3,2026-01-14T15:58:31+00:00
http://alojawebapps.us.es/centrosdptos/pdi/pdi.php?pdi=3922,Técnicas de Análisis Confirmatorio-Predictivo de Datos,4,2026-01-14T15:58:31+00:00
http://alojawebapps.us.es/centrosdptos/pdi/pdi.php?pdi=2889,Dirección y Gestión de los Recursos Humanos,1,2026-01-14T15:58:32+00:00
http://alojawebapps.us.es/centrosdptos/pdi/pdi.php?pdi=2371,Auditoría de la Gestión de los Recursos Humanos,1,2026-01-14T15:58:33+00:00
http://alojawebapps.us.es/centrosdptos/pdi/pdi.php?pdi=2371,Dirección y Gestión de los Recursos Humanos,2,2026-01-14T15:58:33+00:00
http://alojawebapps.us.es/centrosdptos/pdi/pdi.php?pdi=2371,Dirección y Gestión de los Recursos Humanos,3,2026-01-14T15:58:33+00:00
http://alojawebapps.us.es/centrosdptos/pdi/pdi.php?pdi=5007,Distribución Comercial,1,2026-01-14T15:58:34+00:00
http://alojawebapps.us.es/centrosdptos/pdi/pdi.php?pdi=5007,El Comportamiento del Consumidor: Análisis de la Heterogeneidad del Mercado,2,2026-01-14T15:58:34+00:00
http://alojawebapps.us.es/centrosdptos/pdi/pdi.php?pdi=5007,Estrategias y Técnicas de Segmentación y Posicionamiento,3,2026-01-14T15:58:34+00:00
http://alojawebapps.us.es/centrosdptos/pdi/pdi.php?pdi=2880,Dirección Comercial,1,2026-01-14T15:58:36+00:00
http://alojawebapps.us.es/centrosdptos/pdi/pdi.php?pdi=2880,El Impacto de la Globalización de los Mercados en el Comportamiento del Consumidor,2,2026-01-14T15:58:36+00:00
http://alojawebapps.us.es/centrosdptos/pdi/pdi.php?pdi=2880,Gestión de la Diversidad Cultural de las Empresas Internacionales,3,2026-01-14T15:58:36+00:00
http://alojawebapps.us.es/centrosdptos/pdi/pdi.php?pdi=2880,Plan de Marketing en la Práctica,4,2026-01-14T15:58:36+00:00
http://alojawebapps.us.es/centrosdptos/pdi/pdi.php?pdi=17810,Investigación Comercial,1,2026-01-14T15:58:37+00:00
http://alojawebapps.us.es/centrosdptos/pdi/pdi.php?pdi=4463,Creación de Empresas,1,2026-01-14T15:58:38+00:00
http://alojawebapps.us.es/centrosdptos/pdi/pdi.php?pdi=4463,Gestión de la Excelencia y Turismo,2,2026-01-14T15:58:38+00:00
http://alojawebapps.us.es/centrosdptos/pdi/pdi.php?pdi=4935,Introducción a la Economía de la Empresa (Organización),1,2026-01-14T15:58:39+00:00
http://alojawebapps.us.es/centrosdptos/pdi/pdi.php?pdi=4935,Introducción a la Economía de la Empresa,2,2026-01-14T15:58:39+00:00
http://alojawebapps.us.es/centrosdptos/pdi/pdi.php?pdi=4935,Introducción a la Economía de la Empresa (Organización),3,2026-01-14T15:58:39+00:00
http://alojawebapps.us.es/centrosdptos/pdi/pdi.php?pdi=4935,Introducción a la Economía de la Empresa (Organización),4,2026-01-14T15:58:39+00:00
http://alojawebapps.us.es/centrosdptos/pdi/pdi.php?pdi=4935,Introducción a la Economía de la Empresa (Organización),5,2026-01-14T15:58:39+00:00
http://alojawebapps.us.es/centrosdptos/pdi/pdi.php?pdi=4935,Etica y Responsabilidad Social en los Negocios Internacionales,6,2026-01-14T15:58:39+00:00
http://alojawebapps.us.es/centrosdptos/pdi/pdi.php?pdi=4935,Ética y Responsabilidad Social en un Contexto Europeo e Internacional,7,2026-01-14T15:58:39+00:00
http://alojawebapps.us.es/centrosdptos/pdi/pdi.php?pdi=4935,Ética y Responsabilidad Social en un Contexto Europeo e Internacional,8,2026-01-14T15:58:39+00:00
http://alojawebapps.us.es/centrosdptos/pdi/pdi.php?pdi=3611,Dirección Comercial,1,2026-01-14T15:58:41+00:00
http://alojawebapps.us.es/centrosdptos/pdi/pdi.php?pdi=3611,Introducción al Marketing,2,2026-01-14T15:58:41+00:00
http://alojawebapps.us.es/centrosdptos/pdi/pdi.php?pdi=3611,Introducción al Marketing,3,2026-01-14T15:58:41+00:00
http://alojawebapps.us.es/centrosdptos/pdi/pdi.php?pdi=3611,Introducción al Marketing,4,2026-01-14T15:58:41+00:00
http://alojawebapps.us.es/centrosdptos/pdi/pdi.php?pdi=3611,Introducción al Marketing,5,2026-01-14T15:58:41+00:00
http://alojawebapps.us.es/centrosdptos/pdi/pdi.php?pdi=3611,Diagnóstico e Investigación de Estrategias de Comunicación Institucional y Política,6,2026-01-14T15:58:41+00:00
http://alojawebapps.us.es/centrosdptos/pdi/pdi.php?pdi=5832,Comportamiento del Consumidor,1,2026-01-14T15:58:42+00:00
http://alojawebapps.us.es/centrosdptos/pdi/pdi.php?pdi=5832,Comunicación Comercial,2,2026-01-14T15:58:42+00:00
http://alojawebapps.us.es/centrosdptos/pdi/pdi.php?pdi=5832,Ciencia de Datos Aplicada al Marketing con R,3,2026-01-14T15:58:42+00:00
http://alojawebapps.us.es/centrosdptos/pdi/pdi.php?pdi=6315,Dirección Estratégica de Organizaciones Turísticas,1,2026-01-14T15:58:43+00:00
http://alojawebapps.us.es/centrosdptos/pdi/pdi.php?pdi=6315,Empresas y Organizaciones Turísticas,2,2026-01-14T15:58:43+00:00
http://alojawebapps.us.es/centrosdptos/pdi/pdi.php?pdi=6315,Dirección Estratégica de Organizaciones Turísticas,3,2026-01-14T15:58:43+00:00
http://alojawebapps.us.es/centrosdptos/pdi/pdi.php?pdi=6315,Empresas y Organizaciones Turísticas,4,2026-01-14T15:58:43+00:00
http://alojawebapps.us.es/centrosdptos/pdi/pdi.php?pdi=6315,Empresas y Organizaciones Turísticas,5,2026-01-14T15:58:43+00:00
http://alojawebapps.us.es/centrosdptos/pdi/pdi.php?pdi=5854,Marketing,1,2026-01-14T15:58:44+00:00
http://alojawebapps.us.es/centrosdptos/pdi/pdi.php?pdi=5854,Investigación de Mercados Turísticos,2,2026-01-14T15:58:44+00:00
http://alojawebapps.us.es/centrosdptos/pdi/pdi.php?pdi=5854,Marketing Turístico,3,2026-01-14T15:58:44+00:00
http://alojawebapps.us.es/centrosdptos/pdi/pdi.php?pdi=5854,Investigación de Mercados Turísticos,4,2026-01-14T15:58:44+00:00
http://alojawebapps.us.es/centrosdptos/pdi/pdi.php?pdi=5854,Marketing Turístico,5,2026-01-14T15:58:44+00:00
http://alojawebapps.us.es/centrosdptos/pdi/pdi.php?pdi=5854,Marketing Turístico,6,2026-01-14T15:58:44+00:00
http://alojawebapps.us.es/centrosdptos/pdi/pdi.php?pdi=5854,Plan de Negocios Internacional,7,2026-01-14T15:58:44+00:00
http://alojawebapps.us.es/centrosdptos/pdi/pdi.php?pdi=5854,Plan de Negocios Internacional,8,2026-01-14T15:58:44+00:00
http://alojawebapps.us.es/centrosdptos/pdi/pdi.php?pdi=18398,Organización de Empresas II,1,2026-01-14T15:58:46+00:00
http://alojawebapps.us.es/centrosdptos/pdi/pdi.php?pdi=18398,Plan de Empresa,2,2026-01-14T15:58:46+00:00
http://alojawebapps.us.es/centrosdptos/pdi/pdi.php?pdi=18398,Administración de Empresas,3,2026-01-14T15:58:46+00:00
http://alojawebapps.us.es/centrosdptos/pdi/pdi.php?pdi=18398,Organización de Empresas II,4,2026-01-14T15:58:46+00:00
http://alojawebapps.us.es/centrosdptos/pdi/pdi.php?pdi=15838,Organización de Empresas II,1,2026-01-14T15:58:47+00:00
http://alojawebapps.us.es/centrosdptos/pdi/pdi.php?pdi=15838,PYMES y Gestión de la Calidad,2,2026-01-14T15:58:47+00:00
http://alojawebapps.us.es/centrosdptos/pdi/pdi.php?pdi=15838,Administración de Empresas,3,2026-01-14T15:58:47+00:00
http://alojawebapps.us.es/centrosdptos/pdi/pdi.php?pdi=15838,Organización de Empresas II,4,2026-01-14T15:58:47+00:00
http://alojawebapps.us.es/centrosdptos/pdi/pdi.php?pdi=15838,Empresa Global y Gestión de Intangibles,5,2026-01-14T15:58:47+00:00
http://alojawebapps.us.es/centrosdptos/pdi/pdi.php?pdi=5354,Dirección Estratégica de los Recursos Humanos,1,2026-01-14T15:58:48+00:00
http://alojawebapps.us.es/centrosdptos/pdi/pdi.php?pdi=5354,Dirección y Gestión de los Recursos Humanos,2,2026-01-14T15:58:48+00:00
http://alojawebapps.us.es/centrosdptos/pdi/pdi.php?pdi=5354,Dirección Estratégica de los Recursos Humanos,3,2026-01-14T15:58:48+00:00
http://alojawebapps.us.es/centrosdptos/pdi/pdi.php?pdi=5354,Dirección y Organización,4,2026-01-14T15:58:48+00:00
http://alojawebapps.us.es/centrosdptos/pdi/pdi.php?pdi=5354,Gestión TI: Dirección y Gestión de Empresas,5,2026-01-14T15:58:48+00:00
http://alojawebapps.us.es/centrosdptos/pdi/pdi.php?pdi=17566,Administración de Empresas,1,2026-01-14T15:58:49+00:00
http://alojawebapps.us.es/centrosdptos/pdi/pdi.php?pdi=17566,Dirección Estratégica de Organizaciones Turísticas,2,2026-01-14T15:58:49+00:00
http://alojawebapps.us.es/centrosdptos/pdi/pdi.php?pdi=17566,Administración de Empresas,3,2026-01-14T15:58:49+00:00
http://alojawebapps.us.es/centrosdptos/pdi/pdi.php?pdi=17566,Dirección Estratégica de Organizaciones Turísticas,4,2026-01-14T15:58:49+00:00
http://alojawebapps.us.es/centrosdptos/pdi/pdi.php?pdi=3445,Dirección Estratégica de los Recursos Humanos,1,2026-01-14T15:58:50+00:00
http://alojawebapps.us.es/centrosdptos/pdi/pdi.php?pdi=3445,Dirección y Gestión de los Recursos Humanos,2,2026-01-14T15:58:50+00:00
http://alojawebapps.us.es/centrosdptos/pdi/pdi.php?pdi=17856,Dirección de Recursos Humanos I,1,2026-01-14T15:58:51+00:00
http://alojawebapps.us.es/centrosdptos/pdi/pdi.php?pdi=17856,Comercio y Relaciones Internacionales de Asia Oriental,2,2026-01-14T15:58:51+00:00
http://alojawebapps.us.es/centrosdptos/pdi/pdi.php?pdi=17856,Economía de las Empresas Asiáticas y su Penetración en España e Iberoámerica,3,2026-01-14T15:58:51+00:00
http://alojawebapps.us.es/centrosdptos/pdi/pdi.php?pdi=17856,Habilidades Directivas y Culturales en Organizaciones de Asia Oriental,4,2026-01-14T15:58:51+00:00
http://alojawebapps.us.es/centrosdptos/pdi/pdi.php?pdi=2397,Dirección y Organización,1,2026-01-14T15:58:52+00:00
http://alojawebapps.us.es/centrosdptos/pdi/pdi.php?pdi=2397,Dirección y Organización,2,2026-01-14T15:58:52+00:00
http://alojawebapps.us.es/centrosdptos/pdi/pdi.php?pdi=2397,Gestión de la Excelencia y Turismo,3,2026-01-14T15:58:52+00:00
http://alojawebapps.us.es/centrosdptos/pdi/pdi.php?pdi=5338,Plan de Empresa,1,2026-01-14T15:58:53+00:00
http://alojawebapps.us.es/centrosdptos/pdi/pdi.php?pdi=5338,Introducción a la Economía de la Empresa (Organización),2,2026-01-14T15:58:53+00:00
http://alojawebapps.us.es/centrosdptos/pdi/pdi.php?pdi=5338,Diseño Organizativo en Empresas Internacionales,3,2026-01-14T15:58:53+00:00
http://alojawebapps.us.es/centrosdptos/pdi/pdi.php?pdi=5338,Dirección y Administración de Empresas de Edificación,4,2026-01-14T15:58:53+00:00
http://alojawebapps.us.es/centrosdptos/pdi/pdi.php?pdi=5338,Recommendation and Personalization Systems,5,2026-01-14T15:58:53+00:00
http://alojawebapps.us.es/centrosdptos/pdi/pdi.php?pdi=5811,Dirección Comercial,1,2026-01-14T15:58:55+00:00
http://alojawebapps.us.es/centrosdptos/pdi/pdi.php?pdi=5811,Marketing,2,2026-01-14T15:58:55+00:00
http://alojawebapps.us.es/centrosdptos/pdi/pdi.php?pdi=5811,El Impacto de la Globalización de los Mercados en el Comportamiento del Consumidor,3,2026-01-14T15:58:55+00:00
http://alojawebapps.us.es/centrosdptos/pdi/pdi.php?pdi=5811,Estrategias de Marketing y Dirección Comercial,4,2026-01-14T15:58:55+00:00
http://alojawebapps.us.es/centrosdptos/pdi/pdi.php?pdi=4389,Investigación Comercial,1,2026-01-14T15:58:56+00:00
http://alojawebapps.us.es/centrosdptos/pdi/pdi.php?pdi=4389,"Aprendizaje y Enseñanza de las Materias de Economía, Empresa y Comercio",2,2026-01-14T15:58:56+00:00
http://alojawebapps.us.es/centrosdptos/pdi/pdi.php?pdi=4389,"Complementos de Formación Disciplinar en Economía, Empresa y Comercio",3,2026-01-14T15:58:56+00:00
http://alojawebapps.us.es/centrosdptos/pdi/pdi.php?pdi=4389,E-BUSINESS,4,2026-01-14T15:58:56+00:00
http://alojawebapps.us.es/centrosdptos/pdi/pdi.php?pdi=4389,Tendencias de Consumo,5,2026-01-14T15:58:56+00:00
http://alojawebapps.us.es/centrosdptos/pdi/pdi.php?pdi=13651,Investigación de Mercados Turísticos,1,2026-01-14T15:58:57+00:00
http://alojawebapps.us.es/centrosdptos/pdi/pdi.php?pdi=13651,Comunicación Comercial,2,2026-01-14T15:58:57+00:00
http://alojawebapps.us.es/centrosdptos/pdi/pdi.php?pdi=13651,Distribución Comercial II,3,2026-01-14T15:58:57+00:00
http://alojawebapps.us.es/centrosdptos/pdi/pdi.php?pdi=13651,Merchandising,4,2026-01-14T15:58:57+00:00
http://alojawebapps.us.es/centrosdptos/pdi/pdi.php?pdi=13651,Investigación de Mercados Turísticos,5,2026-01-14T15:58:57+00:00
http://alojawebapps.us.es/centrosdptos/pdi/pdi.php?pdi=14153,Introducción a la Economía de la Empresa (Organización),1,2026-01-14T15:58:58+00:00
http://alojawebapps.us.es/centrosdptos/pdi/pdi.php?pdi=14153,Introducción a la Economía de la Empresa,2,2026-01-14T15:58:58+00:00
http://alojawebapps.us.es/centrosdptos/pdi/pdi.php?pdi=14153,Introducción a la Economía de la Empresa (Organización),3,2026-01-14T15:58:58+00:00
http://alojawebapps.us.es/centrosdptos/pdi/pdi.php?pdi=3601,Marketing de Servicios,1,2026-01-14T15:58:59+00:00
http://alojawebapps.us.es/centrosdptos/pdi/pdi.php?pdi=3601,Gestión de Marcas Internacionales,2,2026-01-14T15:58:59+00:00
http://alojawebapps.us.es/centrosdptos/pdi/pdi.php?pdi=3601,Marketing Digital,3,2026-01-14T15:58:59+00:00
http://alojawebapps.us.es/centrosdptos/pdi/pdi.php?pdi=4473,Introducción a la Economía de la Empresa (Organización),1,2026-01-14T15:59:01+00:00
http://alojawebapps.us.es/centrosdptos/pdi/pdi.php?pdi=4473,Dirección Estratégica,2,2026-01-14T15:59:01+00:00
http://alojawebapps.us.es/centrosdptos/pdi/pdi.php?pdi=4473,Introducción a la Economía de la Empresa,3,2026-01-14T15:59:01+00:00
http://alojawebapps.us.es/centrosdptos/pdi/pdi.php?pdi=4473,Introducción a la Economía de la Empresa (Organización),4,2026-01-14T15:59:01+00:00
